transaction_id,event_ids,chain,tx_hash,block_number,timestamp,from_address,to_address,transaction_role,anomaly_type,description,label_status,review_status,asset_movements,amount_description,counterpart_transactions,pairing_status,reference_urls,notes
TXN-000001,"[""EVT-000089""]",Arbitrum,0x979ad9b7f5331ea8034305a83b5cd50aea88adec395fff8298dd90eb1b87667f,,,,,"[""forged_cctp_exploit_execution""]",[],,candidate_anomaly,pending,[],,[],unpaired,[],源 target_times 未能独立确认是实际 UTC 交易时间，timestamp 留空。
TXN-000002,"[""EVT-000147""]",Axelar,22BE928EBFCCF578E4F703C2EF7822FBDD5B543D94F677B7FD82B78B8E74C1D9,,,,,"[""Asset Extraction""]","[""Abnormal Withdrawal/Release""]",,candidate_anomaly,pending,"[{""asset"":""WBTC"",""amount"":""16.536059""}]",16.536059 WBTC,"[{""chain"":""Secret Network"",""tx_hash"":""D0BF6C27028D574591DFC25E4D68E0889BE41727265489752F35DBBBF702C3C2""}]",report_supported,"[""https://forum.scrt.network/t/security-incident-axelar-secret-ibc-bridge-exploit-june-10-2026/7995"",""https://hacked.slowmist.io/?c=Bridge""]",
TXN-000003,"[""EVT-000147""]",Axelar,4A2A0D419B2F9C3BEDE6EEE9918C59AE7F04EF36080BC486D003394BE8083470,,,,,"[""Asset Extraction""]","[""Abnormal Withdrawal/Release""]",,candidate_anomaly,pending,"[{""asset"":""DAI"",""amount"":""174536.475914""},{""asset"":""WBNB"",""amount"":""170.764596""},{""asset"":""wstETH"",""amount"":""17.656075""}]","174,536.475914 DAI; 170.764596 WBNB; 17.656075 wstETH","[{""chain"":""Secret Network"",""tx_hash"":""22ABA9D6565A38293F0EADD94A64B71331EAF6F738A5A449D3FA070B4ABBBFCF""},{""chain"":""Secret Network"",""tx_hash"":""86B7F03213E6D2272768742A36BBE1AD4A8A54311980D768D0721AE0CDF7D05F""},{""chain"":""Secret Network"",""tx_hash"":""DD2993CC68D8C7D2B4D0B209EC7AA5CE34F71ADFA6779010F39072360CCF46FE""}]",report_supported,"[""https://forum.scrt.network/t/security-incident-axelar-secret-ibc-bridge-exploit-june-10-2026/7995"",""https://hacked.slowmist.io/?c=Bridge""]",
TXN-000004,"[""EVT-000147""]",Axelar,4D92E8867B55FE55DA79379476FCBF2F10DB66226238B5118F038A741CD0E49C,,,,,"[""Fund Transfer/Laundering""]","[""Abnormal Asset Transfer""]",,associated,pending,[],335.050869,[],unpaired,"[""https://forum.scrt.network/t/security-incident-axelar-secret-ibc-bridge-exploit-june-10-2026/7995"",""https://hacked.slowmist.io/?c=Bridge""]",
TXN-000005,"[""EVT-000147""]",Axelar,53382B689982A38D7D8884FF8B854AFABB9F71F0F15BBA755E07A13326868229,,,,,"[""Fund Transfer/Laundering""]","[""Abnormal Asset Transfer""]",,associated,pending,[],64.036724,[],unpaired,"[""https://forum.scrt.network/t/security-incident-axelar-secret-ibc-bridge-exploit-june-10-2026/7995"",""https://hacked.slowmist.io/?c=Bridge""]",
TXN-000006,"[""EVT-000147""]",Axelar,55BA01EF12FA33670FE16D7E563D184D752C7A87889BA6BA8B17346CA4B7C6E7,,,,,"[""Fund Transfer/Laundering""]","[""Abnormal Asset Transfer""]",,associated,pending,[],6.621028,[],unpaired,"[""https://forum.scrt.network/t/security-incident-axelar-secret-ibc-bridge-exploit-june-10-2026/7995"",""https://hacked.slowmist.io/?c=Bridge""]",
TXN-000007,"[""EVT-000147""]",Axelar,56CA93E0E1D71CB831CE08D9E33AAB53FA74262CC0B4A637B46149FE001188E3,,,,,"[""Fund Transfer/Laundering""]","[""Abnormal Asset Transfer""]",,associated,pending,[],420476.269529,[],unpaired,"[""https://forum.scrt.network/t/security-incident-axelar-secret-ibc-bridge-exploit-june-10-2026/7995"",""https://hacked.slowmist.io/?c=Bridge""]",
TXN-000008,"[""EVT-000147""]",Axelar,5F3B02D6B10CD07AD12FB0673D8B07E4FE3DD0A0290FFDE76874C36A4C7370C0,,,,,"[""Fund Transfer/Laundering""]","[""Abnormal Asset Transfer""]",,associated,pending,[],335.050869,[],unpaired,"[""https://forum.scrt.network/t/security-incident-axelar-secret-ibc-bridge-exploit-june-10-2026/7995"",""https://hacked.slowmist.io/?c=Bridge""]",
TXN-000009,"[""EVT-000147""]",Axelar,7E56A1151FE5185CC3F708D210BA41E4D1752A8278DA9AC74FE6B3B0853EC383,,,,,"[""Fund Transfer/Laundering""]","[""Abnormal Asset Transfer""]",,associated,pending,[],239324.494945,[],unpaired,"[""https://forum.scrt.network/t/security-incident-axelar-secret-ibc-bridge-exploit-june-10-2026/7995"",""https://hacked.slowmist.io/?c=Bridge""]",
TXN-000010,"[""EVT-000147""]",Axelar,7EA8439FB1C089D7C87E9F84053F52DC9DA43DBA340B46405917D9239D9AE008,,,,,"[""Fund Transfer/Laundering""]","[""Abnormal Asset Transfer""]",,associated,pending,[],42.691149,[],unpaired,"[""https://forum.scrt.network/t/security-incident-axelar-secret-ibc-bridge-exploit-june-10-2026/7995"",""https://hacked.slowmist.io/?c=Bridge""]",
TXN-000011,"[""EVT-000147""]",Axelar,86767670D765120713C065EEEBEABD4E40CE1428AAE41B6280925BCDA54EC5CA,,,,,"[""Fund Transfer/Laundering""]","[""Abnormal Asset Transfer""]",,associated,pending,[],420476.269529,[],unpaired,"[""https://forum.scrt.network/t/security-incident-axelar-secret-ibc-bridge-exploit-june-10-2026/7995"",""https://hacked.slowmist.io/?c=Bridge""]",
TXN-000012,"[""EVT-000147""]",Axelar,8B384A980A0038BBE8D159DBC0CE28749EB6D8A3C471CD38EA70D92449D18BED,,,,,"[""Fund Transfer/Laundering""]","[""Abnormal Asset Transfer""]",,associated,pending,[],4.414019,[],unpaired,"[""https://forum.scrt.network/t/security-incident-axelar-secret-ibc-bridge-exploit-june-10-2026/7995"",""https://hacked.slowmist.io/?c=Bridge""]",
TXN-000013,"[""EVT-000147""]",Axelar,8FB1F586CDB9AC202E1D00F8E1AB7F53BF582EFD65E3F5218EEF71A61A17C41C,,,,,"[""Fund Transfer/Laundering""]","[""Abnormal Asset Transfer""]",,associated,pending,[],65451.178468,[],unpaired,"[""https://forum.scrt.network/t/security-incident-axelar-secret-ibc-bridge-exploit-june-10-2026/7995"",""https://hacked.slowmist.io/?c=Bridge""]",
TXN-000014,"[""EVT-000147""]",Axelar,998EEDA7ABF25684B658EDE19C8A9BEF246CF0EB71C2EFD3A8B7708668FB80FC,,,,,"[""Fund Transfer/Laundering""]","[""Abnormal Asset Transfer""]",,associated,pending,[],6.621028,[],unpaired,"[""https://forum.scrt.network/t/security-incident-axelar-secret-ibc-bridge-exploit-june-10-2026/7995"",""https://hacked.slowmist.io/?c=Bridge""]",
TXN-000015,"[""EVT-000147""]",Axelar,AB74CDDEC6E547627CA31E9E085DDAEA9EF1CBD06682C0F5188346F3487EF291,,,,,"[""Fund Transfer/Laundering""]","[""Abnormal Asset Transfer""]",,associated,pending,[],280317.513019,[],unpaired,"[""https://forum.scrt.network/t/security-incident-axelar-secret-ibc-bridge-exploit-june-10-2026/7995"",""https://hacked.slowmist.io/?c=Bridge""]",
TXN-000016,"[""EVT-000147""]",Axelar,B0DF7FE26479CB3A72E3BF7F954CA7F39D559BA1D12D937E5EA6AFF937DE588C,,,,,"[""Fund Transfer/Laundering""]","[""Abnormal Asset Transfer""]",,associated,pending,[],43634.118978,[],unpaired,"[""https://forum.scrt.network/t/security-incident-axelar-secret-ibc-bridge-exploit-june-10-2026/7995"",""https://hacked.slowmist.io/?c=Bridge""]",
TXN-000017,"[""EVT-000147""]",Axelar,BE8F0F138C26FAA4340E87C3DA9E599C25991B59A4E79AC94AC0D7B789E7BF36,,,,,"[""Fund Transfer/Laundering""]","[""Abnormal Asset Transfer""]",,associated,pending,[],159549.663296,[],unpaired,"[""https://forum.scrt.network/t/security-incident-axelar-secret-ibc-bridge-exploit-june-10-2026/7995"",""https://hacked.slowmist.io/?c=Bridge""]",
TXN-000018,"[""EVT-000147""]",Axelar,C03B1FE0EEF40EB3765A6FD93F26FF1CCAF10B569C18B15A0D57B4324D8C2EC3,,,,,"[""Asset Extraction""]","[""Abnormal Withdrawal/Release""]",,candidate_anomaly,pending,"[{""asset"":""USDT"",""amount"":""1121270.052077""},{""asset"":""USDC"",""amount"":""638198.653186""},{""asset"":""WETH"",""amount"":""893.468984""}]","1,121,270.052077 USDT; 638,198.653186 USDC; 893.468984 WETH","[{""chain"":""Secret Network"",""tx_hash"":""45C2E2853A3DEBC558DFDB5E0316F79B6D3122A2EB0455059FD4744F7E857B64""},{""chain"":""Secret Network"",""tx_hash"":""842CCB7514F4F7527E10C590C32526DDF4CFBC3CCA099B3B5EE14901AB5B3A18""},{""chain"":""Secret Network"",""tx_hash"":""E17184D49A12B594CEB66696F380598E83C2E716F5F10002291B8DA1C2B1BFA1""}]",report_supported,"[""https://forum.scrt.network/t/security-incident-axelar-secret-ibc-bridge-exploit-june-10-2026/7995"",""https://hacked.slowmist.io/?c=Bridge""]",
TXN-000019,"[""EVT-000147""]",Axelar,C6F4F590B36EFF5FDCDE8996D9270AC3EE2DA243A3AC88E0F152FC074F9EB0FB,,,,,"[""Fund Transfer/Laundering""]","[""Abnormal Asset Transfer""]",,associated,pending,[],223.367246,[],unpaired,"[""https://forum.scrt.network/t/security-incident-axelar-secret-ibc-bridge-exploit-june-10-2026/7995"",""https://hacked.slowmist.io/?c=Bridge""]",
TXN-000020,"[""EVT-000147""]",Axelar,D0EF03112D07A2D7D467B95B240148E8502AE7C3776BAC8C71F5DFBD2FF13AFF,,,,,"[""Fund Transfer/Laundering""]","[""Abnormal Asset Transfer""]",,associated,pending,[],4.13401485,[],unpaired,"[""https://forum.scrt.network/t/security-incident-axelar-secret-ibc-bridge-exploit-june-10-2026/7995"",""https://hacked.slowmist.io/?c=Bridge""]",
TXN-000021,"[""EVT-000147""]",Axelar,D34C67143EA1F9F9AF692755BDC926ED9575067ACA1B12992853EC1B613BC80E,,,,,"[""Fund Transfer/Laundering""]","[""Abnormal Asset Transfer""]",,associated,pending,[],6.20102229,[],unpaired,"[""https://forum.scrt.network/t/security-incident-axelar-secret-ibc-bridge-exploit-june-10-2026/7995"",""https://hacked.slowmist.io/?c=Bridge""]",
TXN-000022,"[""EVT-000147""]",Axelar,E65C67D63A5D94B096D06FFC1EC5522ACC1C2BB40264F64F852A0FC6D224D8BC,,,,,"[""Fund Transfer/Laundering""]","[""Abnormal Asset Transfer""]",,associated,pending,[],65451.178468,[],unpaired,"[""https://forum.scrt.network/t/security-incident-axelar-secret-ibc-bridge-exploit-june-10-2026/7995"",""https://hacked.slowmist.io/?c=Bridge""]",
TXN-000023,"[""EVT-000050""]",BNB Chain,,,,,,[],[],,excluded,pending,[],,[],unpaired,"[""https://verichains.substack.com/p/binance-chain-bridge-exploitation""]",源记录保留，但没有可识别的真实交易哈希，不能作为实际交易证据
TXN-000024,"[""EVT-000022""]",BNB Chain,0x0294daab79affea4a829be01bae1f6d4216c3124e90b54fd23c5bb8a124002d9,,,,,"[""local_borrow_followon"",""withdraw""]","[""Fake Lock Event"",""M5_source_authenticity""]",,candidate_anomaly,pending,[],,[],unpaired,[],源 target_times 未能独立确认是实际 UTC 交易时间，timestamp 留空。
TXN-000025,"[""EVT-000012""]",BNB Chain,0x03c1ba947d451a8c7beff8ba09d6b505c84d8fee31462bb02ee0b07e9ca4c06b,,,,,"[""withdrawal_or_fund_flow_tx""]",[],,candidate_anomaly,pending,[],,[],unpaired,"[""https://rekt.news/levyathan-rekt/""]",
TXN-000026,"[""EVT-000050""]",BNB Chain,0x05356fd06ce56a9ec5b4eaf9c075abd740cae4c21eab1676440ab5cd2fe5c57a,,,,,"[""attack_or_exploit_tx"",""attack_seed"",""cross_chain_package_handling_forged_proof_mint"",""secondary""]","[""BNB Bridge Rekt"",""Second forged IAVL/Merkle proof accepted by the BSC cross-chain system contract""]",,candidate_anomaly,pending,[],,[],unpaired,"[""https://bscscan.com/tx/0x05356fd06ce56a9ec5b4eaf9c075abd740cae4c21eab1676440ab5cd2fe5c57a"",""https://rekt.news/bnb-bridge-rekt/"",""https://www.bnbchain.org/en/blog/bnb-chain-ecosystem-update"",""https://www.coinbase.com/en-ca/blog/bsc-token-hub-compromise-investigation-and-analysis-8""]",源 target_times 未能独立确认是实际 UTC 交易时间，timestamp 留空。
TXN-000027,"[""EVT-000194""]",BNB Chain,0x0a6d27a3a6ef006760f5904c6f03b5e269b4615a1243cbe77e07d4f5bb83280a,,,,,"[""whitehat_or_response_tx""]",[],,candidate_anomaly,pending,[],,[],unpaired,"[""https://rekt.news/transit-swap-rekt/""]",
TXN-000028,"[""EVT-000050""]",BNB Chain,0x0a8d020a066961766c3a76120e00000100380200000000010dd85c1af201f001,,,,,[],[],,candidate_anomaly,pending,[],,[],unpaired,"[""https://verichains.substack.com/p/binance-chain-bridge-exploitation""]",
TXN-000029,"[""EVT-000050""]",BNB Chain,0x0cc52b19aac4c2032358fb757d0800177e5a0d27f7ca5398b58fc7fd24f48037,,,,,"[""attack_or_exploit_tx"",""cross_chain_package_handling_forged_proof_mint"",""local_swap_followon""]","[""BNB Bridge Rekt""]",,candidate_anomaly,pending,[],,[],unpaired,[],源 target_times 未能独立确认是实际 UTC 交易时间，timestamp 留空。
TXN-000030,"[""EVT-000014""]",BNB Chain,0x0eb55e02bce39ec1d2d2e911eca7dcca54e74841b53412c078185e43c5a2a551,,,,,"[""lock"",""malicious_source_event_contract_creation"",""primary"",""withdraw""]","[""Inconsistent event parsing accepted faulty peg-out events from attacker-created contracts and released Bitcoin collateral."",""Missing check for important fields"",""Withdraw""]",,candidate_anomaly,pending,[],,[],unpaired,"[""https://bscscan.com/tx/0x0eb55e02bce39ec1d2d2e911eca7dcca54e74841b53412c078185e43c5a2a551"",""https://medium.com/pnetwork/pnetwork-post-mortem-pbtc-on-bsc-exploit-170890c58d5f"",""https://sharkteam.org/report/analysis/20210921001A_en.pdf""]",源 target_times 未能独立确认是实际 UTC 交易时间，timestamp 留空。
TXN-000031,"[""EVT-000022""]",BNB Chain,0x103d3be5194a9ba62a9539532511c9a16e320580726a113476ae589c0ed0e452,,,,,"[""local_borrow_followon"",""withdraw""]","[""Fake Lock Event"",""M5_source_authenticity""]",,candidate_anomaly,pending,[],,[],unpaired,[],源 target_times 未能独立确认是实际 UTC 交易时间，timestamp 留空。
TXN-000032,"[""EVT-000056""]",BNB Chain,0x15dabf0c1bb63ec329361da5ce30a5c28a1ed1b107e3008c92614455f02032e4,,,,,"[""lock""]","[""Withdraw""]",,candidate_anomaly,pending,[],,[],unpaired,[],
TXN-000033,"[""EVT-000022""]",BNB Chain,0x1778f88ae394dc7b41a58cb2a2b2ed72a3fa917c2ec6f9a13eb9b618b268db64,,,,,"[""local_borrow_followon"",""withdraw""]","[""Fake Lock Event"",""M5_source_authenticity""]",,candidate_anomaly,pending,[],,[],unpaired,[],源 target_times 未能独立确认是实际 UTC 交易时间，timestamp 留空。
TXN-000034,"[""EVT-000022""]",BNB Chain,0x1786147bc75cbc839637d851ea610caefd41c610c6bcb07f9b0c598047208462,,,,,"[""local_borrow_followon"",""withdraw""]","[""Fake Lock Event"",""M5_source_authenticity""]",,candidate_anomaly,pending,[],,[],unpaired,[],源 target_times 未能独立确认是实际 UTC 交易时间，timestamp 留空。
TXN-000035,"[""EVT-000014""]",BNB Chain,0x23db0ee27e10517dea0659a743fd6df92d482ad6796851c71127e5049e7bbd88,,,,,[],[],,excluded,pending,[],,[],unpaired,"[""https://medium.com/pnetwork/pnetwork-post-mortem-pbtc-on-bsc-exploit-170890c58d5f""]",
TXN-000036,"[""EVT-000194""]",BNB Chain,0x34e30dbfdeef6dcb3cb897e297de45e9e246b8c94c8a18b5ad4c4b776924ef0a,,,,,"[""whitehat_or_response_tx""]",[],,candidate_anomaly,pending,[],,[],unpaired,"[""https://rekt.news/transit-swap-rekt/""]",
TXN-000037,"[""EVT-000022""]",BNB Chain,0x3844a9eb0bb5bc0518c6088e5a97f067100da69b47d8a3661f4a340335f3791f,,,,,"[""local_borrow_followon"",""withdraw""]","[""Fake Lock Event"",""M5_source_authenticity""]",,candidate_anomaly,pending,[],,[],unpaired,[],源 target_times 未能独立确认是实际 UTC 交易时间，timestamp 留空。
TXN-000038,"[""EVT-000098""]",BNB Chain,0x3de4f3584203d7545b252df73a3b7e75db691a2c12467de42028552ca3bbf04f,,,,,"[""attack_or_exploit_tx"",""bridge_withdrawal""]","[""FEG Bridge Exploit Technical Analysis""]",,candidate_anomaly,pending,[],,[],unpaired,[],源 target_times 未能独立确认是实际 UTC 交易时间，timestamp 留空。
TXN-000039,"[""EVT-000022""]",BNB Chain,0x405dde974a63eb5b8261b46fae3f60a5751a36e73d91a231f830e6dd0825dc74,,,,,"[""local_borrow_followon"",""withdraw""]","[""Fake Lock Event"",""M5_source_authenticity""]",,candidate_anomaly,pending,[],,[],unpaired,[],源 target_times 未能独立确认是实际 UTC 交易时间，timestamp 留空。
TXN-000040,"[""EVT-000022""]",BNB Chain,0x4727bdf39286e2b2cb006c1982e6e0ceebd502c5fabecc18770e52fda5f3d618,,,,,"[""local_borrow_followon"",""withdraw""]","[""Fake Lock Event"",""M5_source_authenticity""]",,candidate_anomaly,pending,[],,[],unpaired,[],源 target_times 未能独立确认是实际 UTC 交易时间，timestamp 留空。
TXN-000041,"[""EVT-000022""]",BNB Chain,0x4c32d6b8da9be2471a52b921c198b4188f784f12f46557a06753eecd8340aa47,,,,,"[""local_borrow_followon"",""withdraw""]","[""Fake Lock Event"",""M5_source_authenticity""]",,candidate_anomaly,pending,[],,[],unpaired,[],源 target_times 未能独立确认是实际 UTC 交易时间，timestamp 留空。
TXN-000042,"[""EVT-000192""]",BNB Chain,0x4c6f3a8c6e37cf8a0dcbdc4f396128302da73c2858af5292165bf0e6bd794000,,,,,"[""lock""]","[""Fake Deposit Event"",""Missing check for important fields""]",,candidate_anomaly,pending,[],,[],unpaired,[],
TXN-000043,"[""EVT-000022""]",BNB Chain,0x4d13ebfed4694de569dd64516306090d26193442c0807fb5c937158653dfc0d0,,,,,"[""local_borrow_followon"",""withdraw""]","[""Fake Lock Event"",""M5_source_authenticity""]",,candidate_anomaly,pending,[],,[],unpaired,[],源 target_times 未能独立确认是实际 UTC 交易时间，timestamp 留空。
TXN-000044,"[""EVT-000022""]",BNB Chain,0x50946e3e4ccb7d39f3512b7ecb75df66e6868b9af0eee8a7e4b61ef8a459518e,,,,,"[""attack_seed""]",[],,candidate_anomaly,pending,[],,[],unpaired,"[""https://rekt.news/qubit-rekt/""]",
TXN-000045,"[""EVT-000098""]",BNB Chain,0x58e848ff3fed08e73dbc76d59f52846b606595a5909dcf2d5266d5475a8b0095,,,,,"[""attack_or_exploit_tx""]","[""FEG SmartDeFi Wormhole Bridge Exploit""]",,candidate_anomaly,pending,[],,[],unpaired,[],
TXN-000046,"[""EVT-000192""]",BNB Chain,0x5a599f55b50368985bbca18942f3d49d70d611ca2b3e54723de867c09890e130,,,,,"[""lock""]","[""Fake Deposit Event"",""Missing check for important fields""]",,candidate_anomaly,pending,[],,[],unpaired,[],
TXN-000047,"[""EVT-000195""]",BNB Chain,0x5c70178e6dc882fba1663400c9566423f8942877a0d42bb5c982c95acc348e31,,,,,"[""attack_seed"",""withdraw""]","[""Off-chain""]",,candidate_anomaly,pending,[],,[],unpaired,"[""https://rekt.news/poly-network-rekt2/""]",
TXN-000048,"[""EVT-000024""]",BNB Chain,0x5d7cd17bfeb944390667c76f4fc2786f748dc3eb363c01c24b92becaaf5690b4,,,,,"[""lock""]","[""Fake Lock Event"",""Incorrect cross-chain business logic""]",,candidate_anomaly,pending,[],,[],unpaired,[],
TXN-000049,"[""EVT-000022""]",BNB Chain,0x61ca8bc28f5b2ee87f9a10c3d8fff790658e345a1e407f9e5c3f22b48106ccff,,,,,"[""destination_proposal_mint"",""secondary""]","[""Relayer accepted the forged source deposit proposal and receipt logs show zero-address mint transfers including 190 tokens to the attacker""]",,candidate_anomaly,pending,[],,[],unpaired,"[""https://bscscan.com/tx/0x61ca8bc28f5b2ee87f9a10c3d8fff790658e345a1e407f9e5c3f22b48106ccff"",""https://medium.com/@QubitFin/protocol-exploit-report-305c34540fa3"",""https://www.sharkteam.org/report/analysis/20220129001A_en.pdf""]",源 target_times 未能独立确认是实际 UTC 交易时间，timestamp 留空。
TXN-000050,"[""EVT-000024""]",BNB Chain,0x63f37aff7e40b85b0a6b3fd414389f6011cc09b276dc8e13b6afa19061f7ed8e,,,,,"[""attack_or_exploit_tx"",""attack_seed"",""lock"",""primary""]","[""Fake Lock Event"",""Incorrect cross-chain business logic"",""Meter's modified ERC20 handler skipped transferFrom for wrapped native assets"",""an ordinary deposit call could therefore assert BNB without locking the claimed amount and create an unbacked cross-chain claim""]",,candidate_anomaly,pending,[],,[],unpaired,"[""https://bscscan.com/tx/0x63f37aff7e40b85b0a6b3fd414389f6011cc09b276dc8e13b6afa19061f7ed8e"",""https://medium.com/chainsafe-systems/breaking-down-the-meter-io-hack-a46a389e7ae4"",""https://medium.com/meter-io/post-mortem-report-meter-passport-12af6b50393d""]",源 target_times 未能独立确认是实际 UTC 交易时间，timestamp 留空。
TXN-000051,"[""EVT-000022""]",BNB Chain,0x70e34269e709203f47ec05e92ac59c96d980a41608d6a101ac991f19e9eb33fa,,,,,"[""local_borrow_followon"",""withdraw""]","[""Fake Lock Event"",""M5_source_authenticity""]",,candidate_anomaly,pending,[],,[],unpaired,[],源 target_times 未能独立确认是实际 UTC 交易时间，timestamp 留空。
TXN-000052,"[""EVT-000192""]",BNB Chain,0x71556a35cfe0f47ae4ef1cad22021b748b1be79cfc959aab92a7d41cc615a7b3,,,,,"[""lock""]","[""Fake Deposit Event"",""Missing check for important fields""]",,candidate_anomaly,pending,[],,[],unpaired,[],
TXN-000053,"[""EVT-000187""]",BNB Chain,0x72beef34380fa2cf96f1320f6b3cb921f9ad371970a38fed8cbde0925cef6914,,,,,"[""attack_seed"",""lock"",""withdraw""]","[""Missing check for important fields"",""Withdraw""]",,candidate_anomaly,pending,[],,[],unpaired,"[""https://cdn.arenafi.org/papers/arxiv/2410.14493.pdf""]",
TXN-000054,"[""EVT-000050""]",BNB Chain,0x79067c22ab23cc142a59f82641a6d634474780fc54c985286317b2626499eec5,,,,,[],[],,excluded,pending,[],,[],unpaired,"[""https://bscscan.com/tx/0x79067c22ab23cc142a59f82641a6d634474780fc54c985286317b2626499eec5""]",
TXN-000055,"[""EVT-000098""]",BNB Chain,0x7e448bbf1566c20b6973d2cbdb49092d5c6fca90ad7f1a1fc4b102e8095899d2,,,,,"[""attack_or_exploit_tx"",""destination_message_whitelist_update""]","[""FEG Bridge Exploit Technical Analysis""]",,candidate_anomaly,pending,[],,[],unpaired,[],源 target_times 未能独立确认是实际 UTC 交易时间，timestamp 留空。
TXN-000056,"[""EVT-000198""]",BNB Chain,0x7ff1364c3b3b296b411965339ed956da5d17058f3164425ce800d64f1aef8210,,,,,"[""withdraw""]","[""Incorrect cross-chain business logic""]",,candidate_anomaly,pending,[],,[],unpaired,[],
TXN-000057,"[""EVT-000006""]",BNB Chain,0x83b4adaf73ad34c5c53aa9b805579ed74bc1391c5297201e6457cde709dff723,,,,,"[""attack_seed"",""primary"",""unauthorized_bridge_mint""]","[""Logical flaw in cross-chain quota/signature authorization allowed unwhitelisted addresses to increase quota and mint mapped tokens.""]",,candidate_anomaly,pending,[],,[],unpaired,"[""https://bscscan.com/tx/0x83b4adaf73ad34c5c53aa9b805579ed74bc1391c5297201e6457cde709dff723"",""https://chain-swap.medium.com/chainswap-exploit-11-july-2021-post-mortem-6e4e346e5a32"",""https://rekt.news/chainswap-rekt/""]",源 target_times 未能独立确认是实际 UTC 交易时间，timestamp 留空。
TXN-000058,"[""EVT-000022""]",BNB Chain,0x8c5877d1b618f29f6a3622cb610ace08ca96e04d8218f587072a3f91e8545bdc,,,,,"[""attack_or_exploit_tx"",""attack_seed"",""destination_proposal_mint"",""destination_vote_proposal""]","[""M7_incident_unclosed"",""QBridge Exploit Technical Analysis""]",,candidate_anomaly,pending,[],,[],unpaired,"[""https://qbt.wiki/en/incident/technical-analysis/""]",源 target_times 未能独立确认是实际 UTC 交易时间，timestamp 留空。
TXN-000059,"[""EVT-000098""]",BNB Chain,0x8d57aacd101b585ed5e68f9f5f79bea2082ec03862456615d9175d6c967289e4,,,,,"[""attack_or_exploit_tx"",""destination_message_withdrawal_allowance""]","[""FEG Bridge Exploit Technical Analysis""]",,candidate_anomaly,pending,[],,[],unpaired,[],源 target_times 未能独立确认是实际 UTC 交易时间，timestamp 留空。
TXN-000060,"[""EVT-000192""]",BNB Chain,0x941ee07b3a6ff10759a4ba7b095a9fbd495a7ef76136d63b4473011d73d68265,,,,,"[""lock""]","[""Fake Deposit Event"",""Missing check for important fields""]",,candidate_anomaly,pending,[],,[],unpaired,[],
TXN-000061,"[""EVT-000187""]",BNB Chain,0x975cbc1c5f9718e1aaf41288664bc99a78952d62593487baac979f3741d81e94,,,,,"[""attack_seed"",""lock"",""withdraw""]","[""Missing check for important fields"",""Withdraw""]",,candidate_anomaly,pending,[],,[],unpaired,"[""https://cdn.arenafi.org/papers/arxiv/2410.14493.pdf""]",
TXN-000062,"[""EVT-000104""]",BNB Chain,0xa29463be9b81b126d22bb2f6e8001ed36f0bbd71f2b2da763a538e732e747c25,,,,,[],[],,candidate_anomaly,pending,[],,[],unpaired,"[""https://www.halborn.com/blog/post/explained-the-force-bridge-hack-june-2025""]",
TXN-000063,"[""EVT-000022""]",BNB Chain,0xa39e732332604f70180ae8107b1a9315e8f7cc7f6108f3235bdb46867b40bd7a,,,,,"[""local_borrow_followon"",""withdraw""]","[""Fake Lock Event"",""M5_source_authenticity""]",,candidate_anomaly,pending,[],,[],unpaired,[],源 target_times 未能独立确认是实际 UTC 交易时间，timestamp 留空。
TXN-000064,"[""EVT-000144""]",BNB Chain,0xa3e8572fe524b28bce9765fcbd0b737cd6289c692970b5a1a1289b6edf95d06f,,,,,"[""Asset Extraction""]","[""Abnormal Withdrawal/Release""]",,candidate_anomaly,pending,[],36750.106,[],unpaired,"[""https://alephium.org/news/post/the-alephium-bridge-exploit-on-chain-report/"",""https://hacked.slowmist.io/?c=Bridge&page=2""]",
TXN-000065,"[""EVT-000005""]",BNB Chain,0xa8a75905573cce1c6781a59a5d8bc7a8bfb6c8539ca298cbf507a292091ad4b5,,,,,"[""attack_seed"",""lock"",""secondary"",""unauthorized_pool_withdrawal"",""withdraw""]","[""Insecure call permission"",""Off-chain"",""Repeated ECDSA nonce exposed the V3 Router MPC private key"",""attacker signed unauthorized pool withdrawals.""]",,candidate_anomaly,pending,[],,[],unpaired,"[""https://bscscan.com/tx/0xa8a75905573cce1c6781a59a5d8bc7a8bfb6c8539ca298cbf507a292091ad4b5"",""https://medium.com/multichainorg/anyswap-multichain-router-v3-exploit-statement-6833f1b7e6fb"",""https://rekt.news/anyswap-rekt/""]",源 target_times 未能独立确认是实际 UTC 交易时间，timestamp 留空。
TXN-000066,"[""EVT-000056""]",BNB Chain,0xaab2611b70f69cf79324c9bc5d0fcda5c95cabf713c74901a9613f212043dfc3,,,,,"[""lock""]","[""Withdraw""]",,candidate_anomaly,pending,[],,[],unpaired,[],
TXN-000067,"[""EVT-000014""]",BNB Chain,0xb845d636202a696949384e3570247cfdbff431992ab2c10bf653e867a18fb2ab,,,,,"[""lock"",""malicious_source_event_contract_creation"",""secondary"",""withdraw""]","[""Inconsistent event parsing accepted faulty peg-out events from attacker-created contracts and released Bitcoin collateral."",""Missing check for important fields"",""Withdraw""]",,candidate_anomaly,pending,[],,[],unpaired,"[""https://bscscan.com/tx/0xb845d636202a696949384e3570247cfdbff431992ab2c10bf653e867a18fb2ab"",""https://github.com/Xscope-Tool/Results#pnetwork"",""https://medium.com/pnetwork/pnetwork-post-mortem-pbtc-on-bsc-exploit-170890c58d5f""]",源 target_times 未能独立确认是实际 UTC 交易时间，timestamp 留空。
TXN-000068,"[""EVT-000022""]",BNB Chain,0xc13841508a32667b1803ab7901252e952fcc06e2f157c7371fa83600358b5397,,,,,"[""local_borrow_followon"",""withdraw""]","[""Fake Lock Event"",""M5_source_authenticity""]",,candidate_anomaly,pending,[],,[],unpaired,[],源 target_times 未能独立确认是实际 UTC 交易时间，timestamp 留空。
TXN-000069,"[""EVT-000018""]",BNB Chain,0xc14ae484b49a346fca9bb414e302c6a9ad0e16fc085c8e197ac7ae85df5727fc,,,,,"[""lock""]","[""Insecure call permission""]",,candidate_anomaly,pending,[],,[],unpaired,[],
TXN-000070,"[""EVT-000022""]",BNB Chain,0xc55995dbb50194b216070cd404f13470b12cf3ea424ab5e93c6d0bd8c8b0fb3d,,,,,"[""local_borrow_followon"",""withdraw""]","[""Fake Lock Event"",""M5_source_authenticity""]",,candidate_anomaly,pending,[],,[],unpaired,[],源 target_times 未能独立确认是实际 UTC 交易时间，timestamp 留空。
TXN-000071,"[""EVT-000024""]",BNB Chain,0xc7eb98e00d21ec2025fd97b8a84af141325531c0b54aacc37633514f2fd8ffdc,,,,,"[""attack_or_exploit_tx"",""attack_seed"",""lock""]","[""Fake Lock Event"",""Incorrect cross-chain business logic""]",,candidate_anomaly,pending,[],,[],unpaired,"[""https://bscscan.com/tx/0xc7eb98e00d21ec2025fd97b8a84af141325531c0b54aacc37633514f2fd8ffdc"",""https://medium.com/meter-io/post-mortem-report-meter-passport-12af6b50393d""]",
TXN-000072,"[""EVT-000022""]",BNB Chain,0xca572ac9a35d33fd52c8146976e680ad0ca2329d77a922c68ad8771de6af3128,,,,,"[""local_borrow_followon"",""withdraw""]","[""Fake Lock Event"",""M5_source_authenticity""]",,candidate_anomaly,pending,[],,[],unpaired,[],源 target_times 未能独立确认是实际 UTC 交易时间，timestamp 留空。
TXN-000073,"[""EVT-000022""]",BNB Chain,0xcc8bd8c27da0c965676ae15161a1e0574998d71a10f728394d87ad1e0628acf0,,,,,"[""local_borrow_followon"",""withdraw""]","[""Fake Lock Event"",""M5_source_authenticity""]",,candidate_anomaly,pending,[],,[],unpaired,[],源 target_times 未能独立确认是实际 UTC 交易时间，timestamp 留空。
TXN-000074,"[""EVT-000192""]",BNB Chain,0xcf0a3e8a7a76241075f9c942af2780532295e209d5f89d180adbdc2bab07392b,,,,,"[""lock""]","[""Fake Deposit Event"",""Missing check for important fields""]",,candidate_anomaly,pending,[],,[],unpaired,[],
TXN-000075,"[""EVT-000022""]",BNB Chain,0xe14d35f1295a3f6316e5c032c89c814a3ffd217e957a1abbfde5d7a8c2903551,,,,,"[""local_borrow_followon"",""withdraw""]","[""Fake Lock Event"",""M5_source_authenticity""]",,candidate_anomaly,pending,[],,[],unpaired,[],源 target_times 未能独立确认是实际 UTC 交易时间，timestamp 留空。
TXN-000076,"[""EVT-000056""]",BNB Chain,0xe367d05e7ff37eb6d0b7d763495f218740c979348d7a3b6d8e72d3b947c86e33,,,,,"[""attack_seed""]",[],,candidate_anomaly,pending,[],,[],unpaired,"[""https://rekt.news/ankr-helio-rekt/""]",
TXN-000077,"[""EVT-000144""]",BNB Chain,0xe38e870a3aceb8e1189d21e0734170a69fe9bfd7355d0ccb4209588ab77f0b1e,,,,,"[""Asset Extraction""]","[""Abnormal Withdrawal/Release""]",,candidate_anomaly,pending,[],24.38620961,[],unpaired,"[""https://alephium.org/news/post/the-alephium-bridge-exploit-on-chain-report/"",""https://hacked.slowmist.io/?c=Bridge&page=2""]",
TXN-000078,"[""EVT-000014""]",BNB Chain,0xe79e3ff4ef01a29475e6387a44c550df3e4c0a80177249bfdc9bbd66376b9ff6,,,,,"[""lock"",""malicious_source_event_contract_creation"",""secondary"",""withdraw""]","[""Inconsistent event parsing accepted faulty peg-out events from attacker-created contracts and released Bitcoin collateral."",""Missing check for important fields"",""Withdraw""]",,candidate_anomaly,pending,[],,[],unpaired,"[""https://bscscan.com/tx/0xe79e3ff4ef01a29475e6387a44c550df3e4c0a80177249bfdc9bbd66376b9ff6"",""https://github.com/Xscope-Tool/Results#pnetwork"",""https://medium.com/pnetwork/pnetwork-post-mortem-pbtc-on-bsc-exploit-170890c58d5f""]",源 target_times 未能独立确认是实际 UTC 交易时间，timestamp 留空。
TXN-000079,"[""EVT-000050""]",BNB Chain,0xebf83628ba893d35b496121fb8201666b8e09f3cbadf0e269162baa72efe3b8b,,,,,"[""attack_or_exploit_tx"",""attack_seed"",""cross_chain_package_handling_forged_proof_mint"",""primary""]","[""Attacker forged an IAVL/Merkle proof accepted by the BSC cross-chain system contract"",""BNB Bridge Rekt""]",,candidate_anomaly,pending,[],,[],unpaired,"[""https://blog.verichains.io/p/binance-chain-bridge-exploitation"",""https://bscscan.com/tx/0xa84f85e1afc3e1b8ed5111ba16e11325f8fc5d6081cb6958becd6a333f6d0d1d"",""https://bscscan.com/tx/0xaa6ce682daef66aa2bfc2741e5ec30ce93958fd86d2d4d256c416a58e2bc3ae4"",""https://bscscan.com/tx/0xebf83628ba893d35b496121fb8201666b8e09f3cbadf0e269162baa72efe3b8b"",""https://rekt.news/bnb-bridge-rekt/"",""https://verichains.substack.com/p/binance-chain-bridge-exploitation"",""https://www.bnbchain.org/en/blog/bnb-chain-ecosystem-update"",""https://www.coinbase.com/en-ca/blog/bsc-token-hub-compromise-investigation-and-analysis-8""]",源 target_times 未能独立确认是实际 UTC 交易时间，timestamp 留空。
TXN-000080,"[""EVT-000022""]",BNB Chain,0xeed6cb886729d654cbb192d9e5a749f6e176ced130cbaecb5a656ac4164259db,,,,,"[""local_borrow_followon"",""withdraw""]","[""Fake Lock Event"",""M5_source_authenticity""]",,candidate_anomaly,pending,[],,[],unpaired,[],源 target_times 未能独立确认是实际 UTC 交易时间，timestamp 留空。
TXN-000081,"[""EVT-000192""]",BNB Chain,0xf1ac0681f19484e9b01bba2cfcd570542e0a65d3742db65d277debea89b53220,,,,,"[""lock""]","[""Fake Deposit Event"",""Missing check for important fields""]",,candidate_anomaly,pending,[],,[],unpaired,[],
TXN-000082,"[""EVT-000024""]",BNB Chain,0xf70b4aa715c0a04079c56cd9036cc63cdb6101e400520a8f2c019ad2ced5358e,,,,,"[""mint"",""withdraw""]","[""Fake Lock Event"",""Incorrect cross-chain business logic""]",,candidate_anomaly,pending,[],,[],unpaired,[],
TXN-000083,"[""EVT-000192""]",BNB Chain,0xf93047e41433d73ddf983cfa008aeb356ec89803c0a92b0e97ccdc6c42a13f51,,,,,"[""attack_or_exploit_tx""]",[],,candidate_anomaly,pending,[],,[],unpaired,"[""https://www.numencyber.com/hello-world-9/""]",
TXN-000084,"[""EVT-000050""]",BNB Chain,0xf9d911624b5294652ec7f0b9fa7817f2a5953860411325e7f6e73d87f14a70ab,,,,,[],[],,excluded,pending,[],,[],unpaired,"[""https://bscscan.com/tx/0xf9d911624b5294652ec7f0b9fa7817f2a5953860411325e7f6e73d87f14a70ab""]",
TXN-000085,"[""EVT-000022""]",BNB Chain,0xfb3ea29f899c30d94a51d936f5cf847d155bdcdca0ca5953f1bfe9822b7d9687,,,,,"[""local_borrow_followon"",""withdraw""]","[""Fake Lock Event"",""M5_source_authenticity""]",,candidate_anomaly,pending,[],,[],unpaired,[],源 target_times 未能独立确认是实际 UTC 交易时间，timestamp 留空。
TXN-000086,"[""EVT-000098""]",Base,0x60fd436dbd0e99c7585b775095048eced56bfc11e18331cfcb0cdad6f9fe7d87,,,,,"[""bridge_withdrawal""]",[],,candidate_anomaly,pending,[],,[],unpaired,[],源 target_times 未能独立确认是实际 UTC 交易时间，timestamp 留空。
TXN-000087,"[""EVT-000165""]",Base,0x7ea1cdbdde7195c3cdbadaf69f315dfdfcda7cad46f5e50193bcdbb6ca4ed648,,,,,"[""Fund Transfer/Laundering""]","[""Abnormal Asset Transfer""]",,associated,pending,[],189751.554381,[],unpaired,"[""https://hacked.slowmist.io/?c=Bridge"",""https://slowmist.medium.com/a-cross-chain-attack-spanning-one-month-analysis-of-the-allbridge-hack-32a6183bce08""]",
TXN-000088,"[""EVT-000165""]",Base,0x9f906fcd8fceaa6745e8d1c004861dcfa9b5e6a893fe1e8c5d0013a4e982e6a8,,,,,"[""Exploitation""]","[""Abnormal Withdrawal/Release""]",,candidate_anomaly,pending,[],189751.554381,[],unpaired,"[""https://hacked.slowmist.io/?c=Bridge"",""https://slowmist.medium.com/a-cross-chain-attack-spanning-one-month-analysis-of-the-allbridge-hack-32a6183bce08""]",
TXN-000089,"[""EVT-000153""]",Bitcoin,19377eac5e6e0e248f84993136df11de977ca083dd81d744f58335d2fbf56208,,,,,"[""Asset Extraction""]","[""Abnormal Withdrawal/Release""]",,candidate_anomaly,pending,[],0.03232203,[],unpaired,"[""https://hacked.slowmist.io/?c=Bridge"",""https://t.me/s/investigations""]",
TXN-000090,"[""EVT-000153""]",Bitcoin,1994213a22dbbbd03483e13cdbbb952705133cac3c5be5a1d6acb010e5eb9eda,,,,,"[""Asset Extraction""]","[""Abnormal Withdrawal/Release""]",,candidate_anomaly,pending,[],0.0031157,[],unpaired,"[""https://hacked.slowmist.io/?c=Bridge"",""https://t.me/s/investigations""]",
TXN-000091,"[""EVT-000153""]",Bitcoin,4790b9ae7ddf0476f3a657987b449ba610eea8ca71a7e52874567edfb00704de,,,,,"[""Asset Extraction""]","[""Abnormal Withdrawal/Release""]",,candidate_anomaly,pending,[],0.00118044,[],unpaired,"[""https://hacked.slowmist.io/?c=Bridge"",""https://t.me/s/investigations""]",
TXN-000092,"[""EVT-000153""]",Bitcoin,5fbcb94c2515bf82b18bcd5924550223873a243039b45d3bc574740b32aa80a5,,,,,"[""Asset Extraction""]","[""Abnormal Withdrawal/Release""]",,candidate_anomaly,pending,[],0.00168529,[],unpaired,"[""https://hacked.slowmist.io/?c=Bridge"",""https://t.me/s/investigations""]",
TXN-000093,"[""EVT-000153""]",Bitcoin,6763fb669868ca029c89fdc3451f1965330c060d09b80ec583c7483984821db6,,,,,"[""Asset Extraction""]","[""Abnormal Withdrawal/Release""]",,candidate_anomaly,pending,[],0.00391223,[],unpaired,"[""https://hacked.slowmist.io/?c=Bridge"",""https://t.me/s/investigations""]",
TXN-000094,"[""EVT-000153""]",Bitcoin,6e9e40362779a33edca8b8c8839face797f40a2106ae8c3befa3eaf5df0b581a,,,,,"[""Asset Extraction""]","[""Abnormal Withdrawal/Release""]",,candidate_anomaly,pending,[],0.11029025,[],unpaired,"[""https://hacked.slowmist.io/?c=Bridge"",""https://t.me/s/investigations""]",
TXN-000095,"[""EVT-000153""]",Bitcoin,75c9c1f10b55ee2890f502578b68e2496ef994c198f87b8302121c211f261a73,,,,,"[""Asset Extraction""]","[""Abnormal Withdrawal/Release""]",,candidate_anomaly,pending,[],0.0082764,[],unpaired,"[""https://hacked.slowmist.io/?c=Bridge"",""https://t.me/s/investigations""]",
TXN-000096,"[""EVT-000153""]",Bitcoin,8a7b83e53d285ab8f3951308b9e2476de6bdb45e17ae63e50eb0881ed9f76920,,,,,"[""Asset Extraction""]","[""Abnormal Withdrawal/Release""]",,candidate_anomaly,pending,[],0.04959511,[],unpaired,"[""https://hacked.slowmist.io/?c=Bridge"",""https://t.me/s/investigations""]",
TXN-000097,"[""EVT-000153""]",Bitcoin,94d3481f91bf5b983fd7d884f0d7be5d4b01ea3877c71d66171044c367d8f383,,,,,"[""Asset Extraction""]","[""Abnormal Withdrawal/Release""]",,candidate_anomaly,pending,[],0.06286156,[],unpaired,"[""https://hacked.slowmist.io/?c=Bridge"",""https://t.me/s/investigations""]",
TXN-000098,"[""EVT-000153""]",Bitcoin,a83dbb1eedbf83e9999929a6879533778e370dbfbe759f931d648c6a953f421e,,,,,"[""Asset Extraction""]","[""Abnormal Withdrawal/Release""]",,candidate_anomaly,pending,[],0.09327992,[],unpaired,"[""https://hacked.slowmist.io/?c=Bridge"",""https://t.me/s/investigations""]",
TXN-000099,"[""EVT-000153""]",Bitcoin,bd74606ff7debed2987ef2bb905a7f2768ec64c16ed035ac5928d0f3789ffa7f,,,,,"[""Asset Extraction""]","[""Abnormal Withdrawal/Release""]",,candidate_anomaly,pending,[],3.95084458,[],unpaired,"[""https://hacked.slowmist.io/?c=Bridge"",""https://t.me/s/investigations""]",
TXN-000100,"[""EVT-000153""]",Bitcoin,c012018a490a37b474d258f4a494aad989cfd6eb788deb229705171dec7af35b,,,,,"[""Asset Extraction""]","[""Abnormal Withdrawal/Release""]",,candidate_anomaly,pending,[],0.00637929,[],unpaired,"[""https://hacked.slowmist.io/?c=Bridge"",""https://t.me/s/investigations""]",
TXN-000101,"[""EVT-000153""]",Bitcoin,c44db52c614666cfd17082c9f0e34468e57f929b578297b197f87f3630629968,,,,,"[""Asset Extraction""]","[""Abnormal Withdrawal/Release""]",,candidate_anomaly,pending,[],0.067117,[],unpaired,"[""https://hacked.slowmist.io/?c=Bridge"",""https://t.me/s/investigations""]",
TXN-000102,"[""EVT-000022""]",Ethereum,0x006a8a6e58e26384aa7dd7951d57f51136049601a772a40fcde34722191ed3f8,,,,,"[""attack_seed"",""lock"",""source_deposit""]","[""Fake Lock Event"",""M5_source_authenticity"",""Unrealized fallback logic""]",,candidate_anomaly,pending,[],,[],unpaired,"[""https://qbt.wiki/en/incident/technical-analysis/""]",源 target_times 未能独立确认是实际 UTC 交易时间，timestamp 留空。
TXN-000103,"[""EVT-000042""]",Ethereum,0x010a7443b29f9a619906ea99e577a45652d15c9f5970d2b884792bfb612668b7,,,,,"[""mint_or_release"",""withdrawal""]",[],,candidate_anomaly,pending,[],202440725413;202440725413.0,[],unpaired,[],源 target_times 未能独立确认是实际 UTC 交易时间，timestamp 留空。
TXN-000104,"[""EVT-000042""]",Ethereum,0x012babf0b93ec48bf046b138ade1ab788df65a7fae72163d41e1fb539021f868,,,,,"[""mint_or_release"",""withdrawal""]",[],,candidate_anomaly,pending,[],1049947188403;1049947188403.0,[],unpaired,[],源 target_times 未能独立确认是实际 UTC 交易时间，timestamp 留空。
TXN-000105,"[""EVT-000042""]",Ethereum,0x01527e265e87f823bd82b68f3c0b12207f634a7fca10a745f67106b7e196df11,,,,,"[""mint_or_release"",""withdrawal""]",[],,candidate_anomaly,pending,[],202440725413;202440725413.0,[],unpaired,[],源 target_times 未能独立确认是实际 UTC 交易时间，timestamp 留空。
TXN-000106,"[""EVT-000151""]",Ethereum,0x017292a7de5fef52a3274e37dda5ace4c4d0cdafe91b7b4ac9c700f02fae35ee,,,,,"[""Asset Extraction""]","[""Abnormal Withdrawal/Release""]",,candidate_anomaly,pending,[],649761,[],unpaired,"[""https://hacked.slowmist.io/?c=Bridge"",""https://paragraph.com/@taiko-labs/taiko-security-incident-a-postmortem-and-next-steps""]",
TXN-000107,"[""EVT-000193""]",Ethereum,0x03226390e889149d99cd7c9c538a815d5e195fc5a618c6194cd3ee74d145151e,,,,,"[""attack_seed""]",[],,candidate_anomaly,pending,[],,[],unpaired,"[""https://etherscan.io/address/0xe2307837524db8961c4541f943598654240bd62f""]",
TXN-000108,"[""EVT-000007""]",Ethereum,0x03c90ba802f5cc14fb21912e8ecd3501c09d60f7335293a1d4b2b9f4500d29c5,,,,,"[""deposit"",""lock"",""secondary"",""source-side""]","[""Fake Lock Event"",""Insecure call permission"",""M5_source_authenticity"",""Same msg.value/event mismatch in the attacker wrapper caused Bifrost to observe value the Router did not retain""]",,candidate_anomaly,pending,[],,[],unpaired,"[""https://blog.thorchain.org/post-mortem-eth-router-exploits-1-2-and-premature-return-to-trading-incident/"",""https://etherscan.io/tx/0x03c90ba802f5cc14fb21912e8ecd3501c09d60f7335293a1d4b2b9f4500d29c5"",""https://rekt.news/thorchain-rekt""]",源 target_times 未能独立确认是实际 UTC 交易时间，timestamp 留空。
TXN-000109,"[""EVT-000042""]",Ethereum,0x04318f01698bd6875a0b1707b2109d3f414e007c3535562bc90bcce79c6fa63e,,,,,"[""mint_or_release"",""withdrawal""]",[],,candidate_anomaly,pending,[],202440725413;202440725413.0,[],unpaired,[],源 target_times 未能独立确认是实际 UTC 交易时间，timestamp 留空。
TXN-000110,"[""EVT-000042""]",Ethereum,0x045a2fb829876a39315007fc1c50b284500d077fec3541b6fd20de9dcc27284d,,,,,"[""mint_or_release"",""withdrawal""]",[],,candidate_anomaly,pending,[],202440725413;202440725413.0,[],unpaired,[],源 target_times 未能独立确认是实际 UTC 交易时间，timestamp 留空。
TXN-000111,"[""EVT-000042""]",Ethereum,0x045dfe73dde8aa306d664568593d75552162d6aea42af49251cedf1781387131,,,,,"[""mint_or_release"",""withdrawal""]",[],,candidate_anomaly,pending,[],202440725413;202440725413.0,[],unpaired,[],源 target_times 未能独立确认是实际 UTC 交易时间，timestamp 留空。
TXN-000112,"[""EVT-000192""]",Ethereum,0x048a1a71fd41102c72427cc1d251f4ecbf70558562564306e919f66fd451fe82,,,,,[],[],,candidate_anomaly,pending,[],,[],unpaired,"[""https://decrypt.co/111633/quantum-resistant-blockchain-qanplatform-suffers-bridge-hack-1-million""]",
TXN-000113,"[""EVT-000068""]",Ethereum,0x04c89ba03411891b1a1f20d078d8301fefa8bf5ac2b013a413ff0dc1f9adbab5,,,,,"[""attack_seed""]",[],,candidate_anomaly,pending,[],,[],unpaired,"[""https://www.chainalysis.com/blog/multichain-exploit-july-2023/""]",
TXN-000114,"[""EVT-000042""]",Ethereum,0x04cb086c949b9bcd3b39b0f81a6f3451553b36c62d82e15e5f3df3e32ede7a07,,,,,"[""mint_or_release"",""withdrawal""]",[],,candidate_anomaly,pending,[],1.7904059915e+22;17904059915000000000000,[],unpaired,[],源 target_times 未能独立确认是实际 UTC 交易时间，timestamp 留空。
TXN-000115,"[""EVT-000076""]",Ethereum,0x066055fa31c8c4c018a26c1919740a6ba5077f7482e7fbbf061f426af87c899b,,,,,"[""custody-outflow"",""secondary"",""unauthorized_bridge_operator_withdrawal""]","[""Compromise or misuse of the privileged HECO bridge operator key.""]",,candidate_anomaly,pending,[],,[],unpaired,"[""https://etherscan.io/tx/0x066055fa31c8c4c018a26c1919740a6ba5077f7482e7fbbf061f426af87c899b"",""https://www.certik.com/blog/heco-bridge-exploit"",""https://www.htx.com/zh-cn/support/104954980569005""]",源 target_times 未能独立确认是实际 UTC 交易时间，timestamp 留空。
TXN-000116,"[""EVT-000144""]",Ethereum,0x06cc0f36159d7094359d88fe1d43cda601e8644282ba305c5ffbd013b524c6b4,,,,,"[""Asset Extraction""]","[""Abnormal Mint/Burn""]",,candidate_anomaly,pending,[],13757076.37,[],unpaired,"[""https://alephium.org/news/post/the-alephium-bridge-exploit-on-chain-report/"",""https://hacked.slowmist.io/?c=Bridge&page=2""]",
TXN-000117,"[""EVT-000042""]",Ethereum,0x084e2a13e374ec45b412f8dc51a7e9a744efefbe5fde7521a9a4e7d59fedc0bd,,,,,"[""process_release"",""withdraw""]","[""M1_control_plane"",""Off-chain""]",,candidate_anomaly,pending,[],,[],unpaired,[],源 target_times 未能独立确认是实际 UTC 交易时间，timestamp 留空。
TXN-000118,"[""EVT-000004""]",Ethereum,0x08b0316ff394f0944a79e9c85e85b0a5a66bbd4974bd9cc375678ad873cfef68,,,,,"[""Withdraw"",""signed_receive""]","[""M6_target_release"",""Withdraw""]",,candidate_anomaly,pending,[],,[],unpaired,[],源 target_times 未能独立确认是实际 UTC 交易时间，timestamp 留空。
TXN-000119,"[""EVT-000066""]",Ethereum,0x08b5f35076beb363a7206b8f9b4a6460f42aa9f998b561582fb4e4cdd6f05dce,,,,,"[""lock""]","[""Insecure call permission""]",,candidate_anomaly,pending,[],,[],unpaired,[],
TXN-000120,"[""EVT-000042""]",Ethereum,0x08d5d83608f0a6a344d8021ff9db9d2f9e97695505824f6c858f1f17a693811c,,,,,[],[],,excluded,pending,[],,[],unpaired,"[""https://etherscan.io/tx/0x08d5d83608f0a6a344d8021ff9db9d2f9e97695505824f6c858f1f17a693811c""]",
TXN-000121,"[""EVT-000147""]",Ethereum,0x08db0a3cab5e99bd06d2968888b92833905ac034933ec19fe6f6b04c97a2ee3f,,,,,"[""Fund Transfer/Laundering""]","[""Abnormal Asset Transfer""]",,associated,pending,[],6.6204,[],unpaired,"[""https://forum.scrt.network/t/security-incident-axelar-secret-ibc-bridge-exploit-june-10-2026/7995"",""https://hacked.slowmist.io/?c=Bridge""]",
TXN-000122,"[""EVT-000068""]",Ethereum,0x08dc2c06be61c0223b5de00912e48b04d8805327b90debc58f6bcc480ed90e20,,,,,"[""attack_seed""]",[],,candidate_anomaly,pending,[],,[],unpaired,"[""https://www.chainalysis.com/blog/multichain-exploit-july-2023/""]",
TXN-000123,"[""EVT-000042""]",Ethereum,0x08f3202a22c92eda02e2068f854897bc335976797515c56a11fc8a1f25f035a4,,,,,"[""mint_or_release"",""withdrawal""]",[],,candidate_anomaly,pending,[],100000000000000000000;1e+20,[],unpaired,[],源 target_times 未能独立确认是实际 UTC 交易时间，timestamp 留空。
TXN-000124,"[""EVT-000076""]",Ethereum,0x092568a70c8e0b6992a96a24459f21f95ae8939fb529cf979871554364157985,,,,,[],[],,excluded,pending,[],,[],unpaired,[],
TXN-000125,"[""EVT-000042""]",Ethereum,0x0a0d251178557f2c04fa9607e5ef65113dd651168bc5096629e3cc11eb9f05ee,,,,,"[""mint_or_release"",""withdrawal""]",[],,candidate_anomaly,pending,[],202440725413;202440725413.0,[],unpaired,[],源 target_times 未能独立确认是实际 UTC 交易时间，timestamp 留空。
TXN-000126,"[""EVT-000004""]",Ethereum,0x0a1f1c9a98964da48225f13bd256c31b48e1bb5bd87f10284c1e447e333b2e06,,,,,"[""Withdraw"",""local_disposition_or_other_version""]","[""M6_target_release"",""Withdraw""]",,candidate_anomaly,pending,[],,[],unpaired,[],源 target_times 未能独立确认是实际 UTC 交易时间，timestamp 留空。
TXN-000127,"[""EVT-000042""]",Ethereum,0x0abb295de6d65b69b1a56da9327536b467a0df0f37c68af902fb7c2af419cd60,,,,,"[""mint_or_release"",""withdrawal""]",[],,candidate_anomaly,pending,[],202440725413;202440725413.0,[],unpaired,[],源 target_times 未能独立确认是实际 UTC 交易时间，timestamp 留空。
TXN-000128,"[""EVT-000151""]",Ethereum,0x0bf2478d2038b2a765b68d0cc02a5f6e1295f17fde5cdeef9f6f5916eddfa811,,,,,"[""Asset Extraction""]","[""Abnormal Withdrawal/Release""]",,candidate_anomaly,pending,[],2140403,[],unpaired,"[""https://hacked.slowmist.io/?c=Bridge"",""https://paragraph.com/@taiko-labs/taiko-security-incident-a-postmortem-and-next-steps""]",
TXN-000129,"[""EVT-000042""]",Ethereum,0x0c1cdba855f8d3ed572ee23332b971bd1084ac8132e1f0e266edaf0f281b36d0,,,,,"[""mint_or_release"",""withdrawal""]",[],,candidate_anomaly,pending,[],202440725413;202440725413.0,[],unpaired,[],源 target_times 未能独立确认是实际 UTC 交易时间，timestamp 留空。
TXN-000130,"[""EVT-000159""]",Ethereum,0x0c514256727c3b67b67404b17ffdfe88f97c018e4a43e58e215f48f6a464dc9b,,,,,"[""Fund Transfer/Laundering""]","[""Abnormal Asset Transfer""]",,associated,pending,[],188.1,[],unpaired,"[""https://hacked.slowmist.io/?c=Bridge"",""https://x.com/blockaid_/status/2081409252489298100""]",
TXN-000131,"[""EVT-000004""]",Ethereum,0x0ceceeb2872383d275c6213dd9c7c762395761f15d1246959c152c5c67f12fcb,,,,,"[""Withdraw"",""local_disposition_or_other_version""]","[""M6_target_release"",""Withdraw""]",,candidate_anomaly,pending,[],,[],unpaired,[],源 target_times 未能独立确认是实际 UTC 交易时间，timestamp 留空。
TXN-000132,"[""EVT-000042""]",Ethereum,0x0d0fb915d7d0e4878574e3128bdbaabbf0d47e47f499fb482fbac3c51a112476,,,,,"[""mint_or_release"",""withdrawal""]",[],,candidate_anomaly,pending,[],202440725413;202440725413.0,[],unpaired,[],源 target_times 未能独立确认是实际 UTC 交易时间，timestamp 留空。
TXN-000133,"[""EVT-000003""]",Ethereum,0x0d8d8194e7fb0853261d7bd2bae3eed2849f94ccf821547d50d5c535a0367ff7,,,,,"[""deposit"",""lock""]","[""Fake Deposit Event"",""M5_source_authenticity"",""Missing check for important fields""]",,candidate_anomaly,pending,[],,[],unpaired,[],源 target_times 未能独立确认是实际 UTC 交易时间，timestamp 留空。
TXN-000134,"[""EVT-000042""]",Ethereum,0x0dd9ce4b22b84bf183e183c58af7ee212daca654753585effb1dc3543e46d3ab,,,,,"[""mint_or_release"",""withdrawal""]",[],,candidate_anomaly,pending,[],202440725413;202440725413.0,[],unpaired,[],源 target_times 未能独立确认是实际 UTC 交易时间，timestamp 留空。
TXN-000135,"[""EVT-000007""]",Ethereum,0x0ea0007b5b29dd943d7f0c18fe6cfd7b83cb2920f0d6ef990f1f1e7fe13ae6e2,,,,,"[""transfer_out"",""withdraw""]","[""Fake Lock Event"",""M5_source_authenticity""]",,candidate_anomaly,pending,[],,[],unpaired,[],源 target_times 未能独立确认是实际 UTC 交易时间，timestamp 留空。
TXN-000136,"[""EVT-000151""]",Ethereum,0x0f163c55606820dba7dc863bd4d979f32bc6464059f48240415d1831b18ce002,,,,,"[""Asset Extraction""]","[""Abnormal Withdrawal/Release""]",,candidate_anomaly,pending,[],0.53,[],unpaired,"[""https://hacked.slowmist.io/?c=Bridge"",""https://paragraph.com/@taiko-labs/taiko-security-incident-a-postmortem-and-next-steps""]",
TXN-000137,"[""EVT-000004""]",Ethereum,0x123211995a9cfd0820440af89c48288a13f3032724b86a5827617725a9657c01,,,,,"[""Withdraw"",""signed_receive""]","[""M6_target_release"",""Withdraw""]",,candidate_anomaly,pending,[],,[],unpaired,[],源 target_times 未能独立确认是实际 UTC 交易时间，timestamp 留空。
TXN-000138,"[""EVT-000042""]",Ethereum,0x1344d628d963ba34e8df821f416f2d472208d5c545cff3f7cffed259a74dede1,,,,,"[""mint_or_release"",""withdrawal""]",[],,candidate_anomaly,pending,[],1.21387701073e+23;121387701073000000000000,[],unpaired,[],源 target_times 未能独立确认是实际 UTC 交易时间，timestamp 留空。
TXN-000139,"[""EVT-000042""]",Ethereum,0x13eef53f72c9924755a0842edf50a0787bef5e9f1dfd0220c31a24d626141cdb,,,,,"[""process_release"",""withdraw"",""withdrawal""]","[""M1_control_plane"",""Off-chain""]",,candidate_anomaly,pending,[],202440725413;202440725413.0,[],unpaired,[],源 target_times 未能独立确认是实际 UTC 交易时间，timestamp 留空。
TXN-000140,"[""EVT-000192""]",Ethereum,0x13f4cf41e2e5436cf69bf7d687c6a3bed8aef66fe24437baee7931844efd78f7,,,,,"[""lock"",""withdraw""]","[""Fake Deposit Event"",""Missing check for important fields""]",,candidate_anomaly,pending,[],,[],unpaired,[],
TXN-000141,"[""EVT-000067""]",Ethereum,0x146d4da4c52cb10d265ba26d285c9a3d1ce6e3aceb962bcc755cef93a4f2c282,,,,,"[""message-processing"",""secondary""]","[""Maliciously authorized destination-chain verifyHeaderAndExecuteTx call caused Poly Network to unlock 296826.726848144 sUSD to the attacker on Ethereum without a legitimate corresponding lock amount.""]",,candidate_anomaly,pending,[],,[],unpaired,"[""https://dedaub.com/blog/poly-network-hack/"",""https://etherscan.io/tx/0x146d4da4c52cb10d265ba26d285c9a3d1ce6e3aceb962bcc755cef93a4f2c282"",""https://polynetwork.medium.com/poly-network-exploit-damage-control-measures-0673721c63e4""]",源 target_times 未能独立确认是实际 UTC 交易时间，timestamp 留空。
TXN-000142,"[""EVT-000068""]",Ethereum,0x151ed863c891d494fea56f5f207cfed5c583eafef830fb31a67ed77939678ca9,,,,,"[""custody-outflow"",""secondary""]","[""Successful direct transfer moved 502400.999999999976669184 TUSD from the Multichain Fantom-bridge MPC/custody address to fresh recipient 0x9d57...2b68.""]",,candidate_anomaly,pending,[],,[],unpaired,"[""https://etherscan.io/tx/0x151ed863c891d494fea56f5f207cfed5c583eafef830fb31a67ed77939678ca9"",""https://twitter.com/MultichainOrg/status/1677096839731097600"",""https://www.chaincatcher.com/article/2096407""]",源 target_times 未能独立确认是实际 UTC 交易时间，timestamp 留空。
TXN-000143,"[""EVT-000003""]",Ethereum,0x1522b5a8e1256b605a987e997b295fae073ceab59895eec4b1f9eb3e22a366ca,,,,,"[""attack_seed"",""deposit"",""lock""]","[""Fake Deposit Event"",""M5_source_authenticity""]",,candidate_anomaly,pending,[],,[],unpaired,"[""https://cdn.arenafi.org/papers/arxiv/2410.14493.pdf""]",源 target_times 未能独立确认是实际 UTC 交易时间，timestamp 留空。
TXN-000144,"[""EVT-000089""]",Ethereum,0x167c97b5897d11b23a6694f30acb71e8deead771d22fe88aee04ca8696a2bffa,,,,,"[""forged_cctp_exploit_execution""]",[],,candidate_anomaly,pending,[],,[],unpaired,[],源 target_times 未能独立确认是实际 UTC 交易时间，timestamp 留空。
TXN-000145,"[""EVT-000079""]",Ethereum,0x177cb8bf4d8036371b426a669731870d07f6a89bba8764ee9a18f12139c9fc2b,,,,,"[""attack_seed""]",[],,candidate_anomaly,pending,[],,[],unpaired,"[""https://rekt.news/orbit-bridge-rekt/"",""https://t.me/s/OrbitChainChannel/950""]",
TXN-000146,"[""EVT-000180""]",Ethereum,0x1826d459ce7f2ab233374595569a13c4098e8e1eeb26517a98e42d9b5aab7374,,,,,"[""attack_or_exploit_tx""]","[""zkSync Findings and Analysis Report""]",,candidate_anomaly,pending,[],,[],unpaired,[],
TXN-000147,"[""EVT-000147""]",Ethereum,0x184b8b45e6a9290236ac772d7026681c749195a81a9cc759d5f6c33cc9e1f391,,,,,"[""Fund Transfer/Laundering""]","[""Abnormal Asset Transfer""]",,associated,pending,[],90,[],unpaired,"[""https://forum.scrt.network/t/security-incident-axelar-secret-ibc-bridge-exploit-june-10-2026/7995"",""https://hacked.slowmist.io/?c=Bridge""]",
TXN-000148,"[""EVT-000042""]",Ethereum,0x18bf5df035360b754296f36528b24f8873c8a2155c84eb5bd0cc6cd3acee5512,,,,,"[""mint_or_release"",""withdrawal""]",[],,candidate_anomaly,pending,[],202440725413;202440725413.0,[],unpaired,[],源 target_times 未能独立确认是实际 UTC 交易时间，timestamp 留空。
TXN-000149,"[""EVT-000131""]",Ethereum,0x1ae232da212c45f35c1525f851e4c41d529bf18af862d9ce9fd40bf709db4222,,,,,"[""attack_or_exploit_tx""]",[],,candidate_anomaly,pending,[],,[],unpaired,"[""https://www.blockaid.io/blog/how-a-single-layerzero-dvn-compromise-drained-292m-from-kelpdao""]",
TXN-000150,"[""EVT-000067""]",Ethereum,0x1b8f8a38895ce8375308c570c7511d16a2ba972577747b0ac7ace5cc59bbb1c4,,,,,"[""attack_or_exploit_tx"",""attack_seed"",""lock""]","[""Off-chain"",""Poly Network REKT 2""]",,candidate_anomaly,pending,[],,[],unpaired,"[""https://rekt.news/poly-network-rekt2/""]",
TXN-000151,"[""EVT-000004""]",Ethereum,0x1c0256feab8915e53fe337b0206a2780a3e82138a7e0ceceac83217df81b64b2,,,,,"[""Withdraw"",""signed_receive""]","[""M6_target_release"",""Withdraw""]",,candidate_anomaly,pending,[],,[],unpaired,[],源 target_times 未能独立确认是实际 UTC 交易时间，timestamp 留空。
TXN-000152,"[""EVT-000042""]",Ethereum,0x1c812bb296abfa7e348acc842dd393227a6ac5881416e2dc7d967bab60534636,,,,,"[""mint_or_release"",""withdrawal""]",[],,candidate_anomaly,pending,[],202440725413;202440725413.0,[],unpaired,[],源 target_times 未能独立确认是实际 UTC 交易时间，timestamp 留空。
TXN-000153,"[""EVT-000042""]",Ethereum,0x1cc8c7579dda72f887f294ff8a5d42b9d88ef7333a4203d52c05d582e4918e77,,,,,"[""mint_or_release"",""withdrawal""]",[],,candidate_anomaly,pending,[],602391000000;602391000000.0,[],unpaired,[],源 target_times 未能独立确认是实际 UTC 交易时间，timestamp 留空。
TXN-000154,"[""EVT-000007""]",Ethereum,0x1d1b826718681f474e704f85a0b03ad8b051804d23cd818d4ecebb471514f509,,,,,"[""deposit"",""lock"",""secondary"",""source-side""]","[""Attack contract emitted fake ETH deposits that Bifrost credited although value was diverted back to the attacker."",""Fake Lock Event"",""Insecure call permission"",""M5_source_authenticity""]",,candidate_anomaly,pending,[],,[],unpaired,"[""https://etherscan.io/tx/0x1d1b826718681f474e704f85a0b03ad8b051804d23cd818d4ecebb471514f509"",""https://github.com/Xscope-Tool/Results#thorchain--2"",""https://medium.com/thorchain/post-mortem-eth-router-exploits-1-2-and-premature-return-to-trading-incident-2908928c5fb""]",源 target_times 未能独立确认是实际 UTC 交易时间，timestamp 留空。
TXN-000155,"[""EVT-000004""]",Ethereum,0x1df12d5662391b95eeb5ae57e011b71d39ed457c3bf282331114230018c32f1d,,,,,"[""Withdraw"",""signed_receive""]","[""M6_target_release"",""Withdraw""]",,candidate_anomaly,pending,[],,[],unpaired,[],源 target_times 未能独立确认是实际 UTC 交易时间，timestamp 留空。
TXN-000156,"[""EVT-000082""]",Ethereum,0x1df44e224c7a715da25fa33dcad2ca3a930d1a4dafd263e61c07b52673d505f4,,,,,"[""attack_or_exploit_tx""]","[""Socket Tech Incident Analysis""]",,candidate_anomaly,pending,[],,[],unpaired,[],
TXN-000157,"[""EVT-000042""]",Ethereum,0x1e215551c3107f3eef143b2db15e3f00ec187f067b5aba01741f915be94d0357,,,,,"[""process_release"",""withdraw"",""withdrawal""]","[""M1_control_plane"",""Off-chain""]",,candidate_anomaly,pending,[],202440725413;202440725413.0,[],unpaired,[],源 target_times 未能独立确认是实际 UTC 交易时间，timestamp 留空。
TXN-000158,"[""EVT-000042""]",Ethereum,0x1e8c51997083d93ef53bfeb844eb6baef7ffe297275f5fa61496c931a39e2cfe,,,,,"[""process_release"",""withdraw"",""withdrawal""]","[""M1_control_plane"",""Off-chain""]",,candidate_anomaly,pending,[],202440725413;202440725413.0,[],unpaired,[],源 target_times 未能独立确认是实际 UTC 交易时间，timestamp 留空。
TXN-000159,"[""EVT-000042""]",Ethereum,0x1eaf063edb953ecc76eb318806efe71e8e52090f296a669a01162803f3ee10ac,,,,,"[""mint_or_release"",""withdrawal""]",[],,candidate_anomaly,pending,[],100000000;100000000.0,[],unpaired,[],源 target_times 未能独立确认是实际 UTC 交易时间，timestamp 留空。
TXN-000160,"[""EVT-000042""]",Ethereum,0x1f5990ad8f4c9ded52c1df839d7ed3be8b6a01bbcaa35722863b0ff0a30227fb,,,,,"[""mint_or_release"",""withdrawal""]",[],,candidate_anomaly,pending,[],202440725413;202440725413.0,[],unpaired,[],源 target_times 未能独立确认是实际 UTC 交易时间，timestamp 留空。
TXN-000161,"[""EVT-000042""]",Ethereum,0x1f81aeb9f1c8ee7c672552edd6e0d058afa8dc3d2010be6ee58bf1a9b762b9d4,,,,,"[""message-processing"",""mint_or_release"",""secondary"",""withdrawal""]","[""Zero-root proof bypass enabled a batch/helper call to process an unauthorized bridge message and release assets atomically""]",,candidate_anomaly,pending,[],300000000;300000000.0,[],unpaired,"[""https://etherscan.io/tx/0x1f81aeb9f1c8ee7c672552edd6e0d058afa8dc3d2010be6ee58bf1a9b762b9d4"",""https://github.com/nomad-xyz/hack-data/blob/main/analysis/hack/transaction_hashes.json"",""https://www.coinbase.com/en-gb/blog/nomad-bridge-incident-analysis""]",源 target_times 未能独立确认是实际 UTC 交易时间，timestamp 留空。
TXN-000162,"[""EVT-000151""]",Ethereum,0x2067b5d4bf676541b036f46f6d6cdcb8b51be96303dfd07f72597c50f1005e64,,,,,"[""Asset Extraction""]","[""Abnormal Withdrawal/Release""]",,candidate_anomaly,pending,[],0.426,[],unpaired,"[""https://hacked.slowmist.io/?c=Bridge"",""https://paragraph.com/@taiko-labs/taiko-security-incident-a-postmortem-and-next-steps""]",
TXN-000163,"[""EVT-000193""]",Ethereum,0x2073d545c4b4f936433d12c0702f71d6990dc797826350374749eef54375245e,,,,,"[""attack_seed""]",[],,candidate_anomaly,pending,[],,[],unpaired,"[""https://etherscan.io/address/0xe2307837524db8961c4541f943598654240bd62f""]",
TXN-000164,"[""EVT-000147""]",Ethereum,0x20d9cfdc9a00be26a175b9ae9c9f9dff873954fd549a5a03106274221cd298bb,,,,,"[""Fund Transfer/Laundering""]","[""Abnormal Asset Transfer""]",,associated,pending,[],420475.32,[],unpaired,"[""https://forum.scrt.network/t/security-incident-axelar-secret-ibc-bridge-exploit-june-10-2026/7995"",""https://hacked.slowmist.io/?c=Bridge""]",
TXN-000165,"[""EVT-000078""]",Ethereum,0x21748d14991113c8fbe0b044fd8378db7a87cb24fb0a0a4096c750f3c36c8d1c,,,,,"[""attack_seed""]",[],,candidate_anomaly,pending,[],,[],unpaired,"[""https://rekt.news/hypr-network-rekt/""]",
TXN-000166,"[""EVT-000190""]",Ethereum,0x21df45bd48f17cb97f1f2b7f12e298da6ecb418ceedb69c345c934ecaca48d9c,,,,,"[""whitehat_or_response_tx""]",[],,candidate_anomaly,pending,[],,[],unpaired,"[""https://rekt.news/roninnetwork-rektII""]",
TXN-000167,"[""EVT-000042""]",Ethereum,0x21e0f925bab624a93623285609f67c9a42090baa8442d4309640d73be8735d08,,,,,"[""mint_or_release"",""withdrawal""]",[],,candidate_anomaly,pending,[],202440725413;202440725413.0,[],unpaired,[],源 target_times 未能独立确认是实际 UTC 交易时间，timestamp 留空。
TXN-000168,"[""EVT-000079""]",Ethereum,0x21faca54b559ffa5c0798e649ae3d739f33ed5b8188ab75967d5a44277d417e6,,,,,"[""attack_seed""]",[],,candidate_anomaly,pending,[],,[],unpaired,"[""https://rekt.news/orbit-bridge-rekt/"",""https://t.me/s/OrbitChainChannel/950""]",
TXN-000169,"[""EVT-000042""]",Ethereum,0x221781c6011bbf3122d45ee133cf6b47d72557b8ce32e11639d913f4778ec379,,,,,"[""mint_or_release"",""withdrawal""]",[],,candidate_anomaly,pending,[],202440725413;202440725413.0,[],unpaired,[],源 target_times 未能独立确认是实际 UTC 交易时间，timestamp 留空。
TXN-000170,"[""EVT-000141""]",Ethereum,0x221a9c0570d57fb871acce30c00a8b92fd30bfab4c76c84fc4571786420071b3,,,,,"[""Fund Transfer/Laundering""]","[""Abnormal Asset Transfer""]",,associated,pending,[],10,[],unpaired,"[""https://hacked.slowmist.io/?c=Bridge&page=2"",""https://ourcryptotalk.com/news/butter-bridge-exploit-mints-1-quadrillion-mapo-tokens""]",
TXN-000171,"[""EVT-000004""]",Ethereum,0x221b551bcbafd8e497bb5951c4c7a1762271cd89036af1c9dd489da94a67b0c9,,,,,"[""Withdraw"",""signed_receive""]","[""M6_target_release"",""Withdraw""]",,candidate_anomaly,pending,[],,[],unpaired,[],源 target_times 未能独立确认是实际 UTC 交易时间，timestamp 留空。
TXN-000172,"[""EVT-000042""]",Ethereum,0x22336a9c76a28b24bb9c74c3b238655d836d501b38ea129ce0515af3f4bbb117,,,,,"[""mint_or_release"",""withdrawal""]",[],,candidate_anomaly,pending,[],202440725413;202440725413.0,[],unpaired,[],源 target_times 未能独立确认是实际 UTC 交易时间，timestamp 留空。
TXN-000173,"[""EVT-000042""]",Ethereum,0x22d7c475cbac0ac92fe7dd2c9d8160e6ec57df83814f1488521795ba745b3a6b,,,,,"[""mint_or_release"",""withdrawal""]",[],,candidate_anomaly,pending,[],202440725413;202440725413.0,[],unpaired,[],源 target_times 未能独立确认是实际 UTC 交易时间，timestamp 留空。
TXN-000174,"[""EVT-000042""]",Ethereum,0x22e8a8767bdd73c29c8d91a7a11f8b23060da895fe3dbf4e56760c0903551df3,,,,,"[""mint_or_release"",""withdrawal""]",[],,candidate_anomaly,pending,[],202440725413;202440725413.0,[],unpaired,[],源 target_times 未能独立确认是实际 UTC 交易时间，timestamp 留空。
TXN-000175,"[""EVT-000186""]",Ethereum,0x24c7d85517df81c48c46463733b442b3cfc8846539223832b1307bf9ff1364a3,,,,,"[""attack_seed""]",[],,candidate_anomaly,pending,[],,[],unpaired,"[""https://de.fi/blog/report-49-billion-lost-in-crypto-in-2022-infographics-a2e83b662196""]",
TXN-000176,"[""EVT-000023""]",Ethereum,0x24c7d855a0a931561e412d809e2596c3fd861cc7385566fd1cb528f9e93e5f14,,,,,"[""attack_seed""]",[],,candidate_anomaly,pending,[],,[],unpaired,"[""https://wormholecrypto.medium.com/wormhole-incident-report-02-02-22-ad9b8f21eec6""]",
TXN-000177,"[""EVT-000193""]",Ethereum,0x252b21a843aeb59dfa40884414ff1cecae8006c4d014c75d9c7d81c461dbb382,,,,,"[""attack_seed""]",[],,candidate_anomaly,pending,[],,[],unpaired,"[""https://etherscan.io/address/0xe2307837524db8961c4541f943598654240bd62f""]",
TXN-000178,"[""EVT-000068""]",Ethereum,0x259175490d6bf5239cab754424f9b8fdf54d5acf8dce12404d2aa5374f0acfb2,,,,,"[""custody-outflow"",""secondary""]","[""Successful direct transfer moved 1361885.999999999920832512 CRV from the Multichain Fantom-bridge MPC/custody address to fresh recipient 0x9d57...2b68.""]",,candidate_anomaly,pending,[],,[],unpaired,"[""https://etherscan.io/tx/0x259175490d6bf5239cab754424f9b8fdf54d5acf8dce12404d2aa5374f0acfb2"",""https://twitter.com/MultichainOrg/status/1677096839731097600"",""https://www.chaincatcher.com/article/2096407""]",源 target_times 未能独立确认是实际 UTC 交易时间，timestamp 留空。
TXN-000179,"[""EVT-000190""]",Ethereum,0x2619570088683e6cc3a38d93c3d98899e5783864e15525d5f5810c11189ba6cb,,,,,"[""attack_or_exploit_tx"",""withdraw""]","[""Off-chain""]",,candidate_anomaly,pending,[],,[],unpaired,"[""https://rekt.news/roninnetwork-rektII""]",
TXN-000180,"[""EVT-000147""]",Ethereum,0x26749288ec7e55a85c5ea8371148bdf5690367fffcb0877f7cc055b2288372b4,,,,,"[""Fund Transfer/Laundering""]","[""Abnormal Asset Transfer""]",,associated,pending,[],80,[],unpaired,"[""https://forum.scrt.network/t/security-incident-axelar-secret-ibc-bridge-exploit-june-10-2026/7995"",""https://hacked.slowmist.io/?c=Bridge""]",
TXN-000181,"[""EVT-000003""]",Ethereum,0x269c02a0f130f0e45a184526a4f2d60711f3e9e88db8b8e793ea3a84d21395d8,,,,,"[""deposit"",""lock""]","[""Fake Deposit Event"",""M5_source_authenticity"",""Missing check for important fields""]",,candidate_anomaly,pending,[],,[],unpaired,[],源 target_times 未能独立确认是实际 UTC 交易时间，timestamp 留空。
TXN-000182,"[""EVT-000193""]",Ethereum,0x270836213a621d9f43159439065ddeb54cb9a69fec07fbb63d7f22edd9be5103,,,,,"[""attack_seed""]",[],,candidate_anomaly,pending,[],,[],unpaired,"[""https://etherscan.io/address/0xe2307837524db8961c4541f943598654240bd62f""]",
TXN-000183,"[""EVT-000039""]",Ethereum,0x27981c7289c372e601c9475e5b5466310be18ed10b59d1ac840145f6e7804c97,,,,,"[""attack_seed""]",[],,candidate_anomaly,pending,[],,[],unpaired,"[""https://rekt.news/harmony-rekt/"",""https://talk.harmony.one/t/summary-of-the-horizon-bridge-incident/20990"",""https://www.elliptic.co/hubfs/Harmony%20Horizon%20Bridge%20Hack%20P1%20briefing%20note%20final.pdf"",""https://www.merklescience.com/blog/hack-track-analysis-of-harmonys-horizon-bridge-exploit""]",源 target_times 未能独立确认是实际 UTC 交易时间，timestamp 留空。
TXN-000184,"[""EVT-000042""]",Ethereum,0x28fe37526aeb2ba27348ffaa7e16227991b20b139ffb86f963e5d1f9cffddb45,,,,,"[""mint_or_release"",""withdrawal""]",[],,candidate_anomaly,pending,[],1049947188403;1049947188403.0,[],unpaired,[],源 target_times 未能独立确认是实际 UTC 交易时间，timestamp 留空。
TXN-000185,"[""EVT-000004""]",Ethereum,0x29390331c12603bfb90e4ec81af17645982c7532c4d7021f935c16da94e0fc7e,,,,,"[""Withdraw"",""signed_receive""]","[""M6_target_release"",""Withdraw""]",,candidate_anomaly,pending,[],,[],unpaired,[],源 target_times 未能独立确认是实际 UTC 交易时间，timestamp 留空。
TXN-000186,"[""EVT-000144""]",Ethereum,0x293c3062a133b089bc31eba910daeb6b2d508ad26e045e439b1339793f51237e,,,,,"[""Asset Extraction""]","[""Abnormal Withdrawal/Release""]",,candidate_anomaly,pending,[],0.33531483,[],unpaired,"[""https://alephium.org/news/post/the-alephium-bridge-exploit-on-chain-report/"",""https://hacked.slowmist.io/?c=Bridge&page=2""]",
TXN-000187,"[""EVT-000067""]",Ethereum,0x295fe5c40c1746cd3e1cede03a178b4dbdcc2e7c78f3a70db626ab7c66501a5b,,,,,"[""message-processing"",""secondary""]","[""Maliciously authorized destination-chain verifyHeaderAndExecuteTx call caused Poly Network to unlock 1707940102455.18 CBC to the attacker on Ethereum without a legitimate corresponding lock amount.""]",,candidate_anomaly,pending,[],,[],unpaired,"[""https://dedaub.com/blog/poly-network-hack/"",""https://etherscan.io/tx/0x295fe5c40c1746cd3e1cede03a178b4dbdcc2e7c78f3a70db626ab7c66501a5b"",""https://polynetwork.medium.com/poly-network-exploit-damage-control-measures-0673721c63e4""]",源 target_times 未能独立确认是实际 UTC 交易时间，timestamp 留空。
TXN-000188,"[""EVT-000004""]",Ethereum,0x2984d8bf4200200c431d504f58a15525299abff0ec3fd65fcc0200acdffc72e6,,,,,"[""Withdraw"",""signed_receive""]","[""M6_target_release"",""Withdraw""]",,candidate_anomaly,pending,[],,[],unpaired,[],源 target_times 未能独立确认是实际 UTC 交易时间，timestamp 留空。
TXN-000189,"[""EVT-000004""]",Ethereum,0x298b692df9e4a9be0c793db3df2f2c0fbd1dba35282fb1951aa5fdd749e8841b,,,,,"[""Withdraw"",""signed_receive""]","[""M6_target_release"",""Withdraw""]",,candidate_anomaly,pending,[],,[],unpaired,[],源 target_times 未能独立确认是实际 UTC 交易时间，timestamp 留空。
TXN-000190,"[""EVT-000042""]",Ethereum,0x29b67e0701ddd910ff6a069aa039015eb78b1ee6d99ad8da5d0ef63916f3fd57,,,,,"[""mint_or_release"",""withdrawal""]",[],,candidate_anomaly,pending,[],200000000000000000000;2e+20,[],unpaired,[],源 target_times 未能独立确认是实际 UTC 交易时间，timestamp 留空。
TXN-000191,"[""EVT-000042""]",Ethereum,0x29b67e072243b6de91f60307ebd9b0865f9ecc2e1fa6d70821fa2e3129b05abb,,,,,"[""attack_seed""]",[],,candidate_anomaly,pending,[],,[],unpaired,"[""https://de.fi/blog/report-49-billion-lost-in-crypto-in-2022-infographics-a2e83b662196""]",
TXN-000192,"[""EVT-000141""]",Ethereum,0x2b98bdad7c8221d2024191ee7ed5044828a7aedabf5c5fd42f3d24aa942633b1,,,,,"[""Preparation""]","[""Abnormal Contract Execution""]",,associated,pending,[],未核实,[],unpaired,"[""https://hacked.slowmist.io/?c=Bridge&page=2"",""https://ourcryptotalk.com/news/butter-bridge-exploit-mints-1-quadrillion-mapo-tokens""]",
TXN-000193,"[""EVT-000042""]",Ethereum,0x2be79663b7c20067a7173c2f6327eb9d263cc0e955b4d38cbcabf5389117d26f,,,,,"[""mint_or_release"",""withdrawal""]",[],,candidate_anomaly,pending,[],6.1603110289e+22;61603110289000000000000,[],unpaired,[],源 target_times 未能独立确认是实际 UTC 交易时间，timestamp 留空。
TXN-000194,"[""EVT-000042""]",Ethereum,0x2c9f65f8375d76fc8477f192df4f4e39cf5ac3e9219467d7294b31dcedf8f431,,,,,"[""process_release"",""withdraw"",""withdrawal""]","[""M1_control_plane"",""Off-chain""]",,candidate_anomaly,pending,[],202440725413;202440725413.0,[],unpaired,[],源 target_times 未能独立确认是实际 UTC 交易时间，timestamp 留空。
TXN-000195,"[""EVT-000147""]",Ethereum,0x2cbd4a70125f5200855e0d2c0071ffea9988d1f7e9b91b1819eaef25f34ae2e6,,,,,"[""Fund Transfer/Laundering""]","[""Abnormal Asset Transfer""]",,associated,pending,[],65450.19,[],unpaired,"[""https://forum.scrt.network/t/security-incident-axelar-secret-ibc-bridge-exploit-june-10-2026/7995"",""https://hacked.slowmist.io/?c=Bridge""]",
TXN-000196,"[""EVT-000157""]",Ethereum,0x2ce9ffe2cc119803a04e3244e1cbc5062d54b8a1596efa694479f5d3f96cf0e5,,,,,"[""Fund Transfer/Laundering""]","[""Abnormal Asset Transfer""]",,associated,pending,"[{""asset"":""ETH"",""amount"":""247.8212873122954""}]",247.8212873122954 ETH,[],unpaired,"[""https://hacked.slowmist.io/?c=Bridge"",""https://www.halborn.com/blog/post/explained-the-afxbridge-hack-july-2026""]",
TXN-000197,"[""EVT-000042""]",Ethereum,0x2d304c112e1ef9dc709cafc7948904282cbbb35348425bfc31a122d9caf90fc3,,,,,"[""mint_or_release"",""withdrawal""]",[],,candidate_anomaly,pending,[],202440725413;202440725413.0,[],unpaired,[],源 target_times 未能独立确认是实际 UTC 交易时间，timestamp 留空。
TXN-000198,"[""EVT-000024""]",Ethereum,0x2d3987963b77159cfe4f820532d729b0364c7f05511f23547765c75b110b629c,,,,,"[""attack_or_exploit_tx"",""attack_seed"",""lock"",""secondary"",""source-side""]","[""Fake Lock Event"",""Incorrect cross-chain business logic"",""The ordinary ERC20 deposit path exploited the wrapped-native exemption, asserting an ETH-side deposit without transferring the claimed wrapped ETH into custody""]",,candidate_anomaly,pending,[],,[],unpaired,"[""https://cloud.tencent.com/developer/article/1975330"",""https://etherscan.io/tx/0x2d3987963b77159cfe4f820532d729b0364c7f05511f23547765c75b110b629c"",""https://medium.com/meter-io/post-mortem-report-meter-passport-12af6b50393d""]",源 target_times 未能独立确认是实际 UTC 交易时间，timestamp 留空。
TXN-000199,"[""EVT-000042""]",Ethereum,0x2d533df5b482ca08889331f6ab7f641af4d81ccfe622afe646bded6f39daa464,,,,,"[""mint_or_release"",""withdrawal""]",[],,candidate_anomaly,pending,[],202440725413;202440725413.0,[],unpaired,[],源 target_times 未能独立确认是实际 UTC 交易时间，timestamp 留空。
TXN-000200,"[""EVT-000197""]",Ethereum,0x2d81369e8e58759715c4f261f549ecb4be985d51f9e094115d1181d287e62df8,,,,,"[""attack_or_exploit_tx""]","[""Bridge Tracing""]",,candidate_anomaly,pending,[],,[],unpaired,[],
TXN-000201,"[""EVT-000023""]",Ethereum,0x2d8b7901bff18ae6abe1a50aebe44b70559f39ff357b21340843d368b9486859,,,,,"[""attack_seed""]",[],,candidate_anomaly,pending,[],,[],unpaired,"[""https://rekt.news/wormhole-rekt/"",""https://rekt.news/zh/wormhole-rekt""]",
TXN-000202,"[""EVT-000068""]",Ethereum,0x2dc69aa95e60b9b649e31664663837aae4a3246b75b78cc4a2cba10312459c2d,,,,,"[""custody-outflow"",""secondary""]","[""Successful direct transfer moved 4177590.000000000115867648 DAI from the Multichain Fantom-bridge MPC/custody address to fresh recipient 0x9d57...2b68.""]",,candidate_anomaly,pending,[],,[],unpaired,"[""https://etherscan.io/tx/0x2dc69aa95e60b9b649e31664663837aae4a3246b75b78cc4a2cba10312459c2d"",""https://twitter.com/MultichainOrg/status/1677096839731097600"",""https://www.chaincatcher.com/article/2096407""]",源 target_times 未能独立确认是实际 UTC 交易时间，timestamp 留空。
TXN-000203,"[""EVT-000194""]",Ethereum,0x2e9d1f3ef02f1e3dc944b62976427a83f85ad280a42e6eb5b37bb366f6c017d8,,,,,"[""whitehat_or_response_tx""]",[],,candidate_anomaly,pending,[],,[],unpaired,"[""https://rekt.news/transit-swap-rekt/""]",
TXN-000204,"[""EVT-000151""]",Ethereum,0x2eff2a4d084a595352fc930c8ea75542f138237f5cfb4b469860f82360c07f1b,,,,,"[""Asset Extraction""]","[""Abnormal Withdrawal/Release""]",,candidate_anomaly,pending,[],138140,[],unpaired,"[""https://hacked.slowmist.io/?c=Bridge"",""https://paragraph.com/@taiko-labs/taiko-security-incident-a-postmortem-and-next-steps""]",
TXN-000205,"[""EVT-000193""]",Ethereum,0x2f06589d9e6176a8ed3a00931600ce728d54b28745fff04ee6d116418707eff7,,,,,"[""attack_seed""]",[],,candidate_anomaly,pending,[],,[],unpaired,"[""https://etherscan.io/address/0xe2307837524db8961c4541f943598654240bd62f""]",
TXN-000206,"[""EVT-000151""]",Ethereum,0x2f44dc1b883522a88f9b0cbbdfabf9ec33884b69dd4326600c3fab7fb2277260,,,,,"[""Exploitation""]","[""Abnormal Message/Proof""]",,candidate_anomaly,pending,[],未核实,[],unpaired,"[""https://hacked.slowmist.io/?c=Bridge"",""https://paragraph.com/@taiko-labs/taiko-security-incident-a-postmortem-and-next-steps""]",
TXN-000207,"[""EVT-000004""]",Ethereum,0x30d4ca7a13b73ca70d67bbf676b6076a845746e4663a1ffe19bcb3253eca2383,,,,,"[""Withdraw"",""local_disposition_or_other_version""]","[""M6_target_release"",""Withdraw""]",,candidate_anomaly,pending,[],,[],unpaired,[],源 target_times 未能独立确认是实际 UTC 交易时间，timestamp 留空。
TXN-000208,"[""EVT-000147""]",Ethereum,0x30d8a57d487844798bb3531bff55c11ddb131b700b268cad0d0ddf4709cbda37,,,,,"[""Fund Transfer/Laundering""]","[""Abnormal Asset Transfer""]",,associated,pending,[],60,[],unpaired,"[""https://forum.scrt.network/t/security-incident-axelar-secret-ibc-bridge-exploit-june-10-2026/7995"",""https://hacked.slowmist.io/?c=Bridge""]",
TXN-000209,"[""EVT-000141""]",Ethereum,0x31e56b4737649e0acdb0ebb4eca44d16aeca25f60c022cbde85f092bde27664a,,,,,"[""Exploitation""]","[""Abnormal Mint/Burn""]",,candidate_anomaly,pending,[],约 10^15 MAPO,[],unpaired,"[""https://hacked.slowmist.io/?c=Bridge&page=2"",""https://ourcryptotalk.com/news/butter-bridge-exploit-mints-1-quadrillion-mapo-tokens""]",
TXN-000210,"[""EVT-000007""]",Ethereum,0x32933c28281489256949842b9f4c9f85a6e557553dce2aee35f2f52110cfc0c9,,,,,"[""deposit"",""lock"",""secondary"",""source-side""]","[""Attack contract emitted fake ETH deposits that Bifrost credited although value was diverted back to the attacker."",""Fake Lock Event"",""Insecure call permission"",""M5_source_authenticity""]",,candidate_anomaly,pending,[],,[],unpaired,"[""https://etherscan.io/tx/0x32933c28281489256949842b9f4c9f85a6e557553dce2aee35f2f52110cfc0c9"",""https://github.com/Xscope-Tool/Results#thorchain--2"",""https://medium.com/thorchain/post-mortem-eth-router-exploits-1-2-and-premature-return-to-trading-incident-2908928c5fb""]",源 target_times 未能独立确认是实际 UTC 交易时间，timestamp 留空。
TXN-000211,"[""EVT-000042""]",Ethereum,0x32baccf8eedb3f4ccca10daa2510eec9a149c5498611a4b013776dbb7565c7a0,,,,,"[""mint_or_release"",""withdrawal""]",[],,candidate_anomaly,pending,[],1049947188403;1049947188403.0,[],unpaired,[],源 target_times 未能独立确认是实际 UTC 交易时间，timestamp 留空。
TXN-000212,"[""EVT-000042""]",Ethereum,0x33350f7288b6a210e7becc460ddd15943134baccc56c7de03bd060fd1c9cd723,,,,,"[""mint_or_release"",""withdrawal""]",[],,candidate_anomaly,pending,[],202440725413;202440725413.0,[],unpaired,[],源 target_times 未能独立确认是实际 UTC 交易时间，timestamp 留空。
TXN-000213,"[""EVT-000007""]",Ethereum,0x347926a5af7c8434f27ddfcfd14a42ac1525b0fcb3e6803203a83c89276660e3,,,,,"[""deposit"",""lock""]","[""Fake Lock Event"",""Insecure call permission"",""M5_source_authenticity""]",,candidate_anomaly,pending,[],,[],unpaired,[],源 target_times 未能独立确认是实际 UTC 交易时间，timestamp 留空。
TXN-000214,"[""EVT-000147""]",Ethereum,0x3513509c71bc8e02695fad55e136b8f21933f6a4433f4dafe471800d98ca8e05,,,,,"[""Fund Transfer/Laundering""]","[""Abnormal Asset Transfer""]",,associated,pending,[],223.367,[],unpaired,"[""https://forum.scrt.network/t/security-incident-axelar-secret-ibc-bridge-exploit-june-10-2026/7995"",""https://hacked.slowmist.io/?c=Bridge""]",
TXN-000215,"[""EVT-000147""]",Ethereum,0x354c3254f569708c12b6a5aadb280e8a7bb98128aace4d99ac0709e97354f221,,,,,"[""Fund Transfer/Laundering""]","[""Abnormal Asset Transfer""]",,associated,pending,[],50,[],unpaired,"[""https://forum.scrt.network/t/security-incident-axelar-secret-ibc-bridge-exploit-june-10-2026/7995"",""https://hacked.slowmist.io/?c=Bridge""]",
TXN-000216,"[""EVT-000042""]",Ethereum,0x358ea0b0519320055aed5773feec8d1869a641cb2d335936abcad68faef54db1,,,,,"[""mint_or_release"",""withdrawal""]",[],,candidate_anomaly,pending,[],1049947188403;1049947188403.0,[],unpaired,[],源 target_times 未能独立确认是实际 UTC 交易时间，timestamp 留空。
TXN-000217,"[""EVT-000143""]",Ethereum,0x364ebefab8e7c8ddd425447349cc99dcd75ab1751612f7ef9c60c20fdb9a2bb6,,,,,"[""Exploitation""]","[""Protocol-state Manipulation""]",,candidate_anomaly,pending,[],未核实,[],unpaired,"[""https://hacked.slowmist.io/?c=Bridge"",""https://www.quillaudits.com/blog/hack-analysis/gravity-bridge-demon-mapping-poisoning""]",
TXN-000218,"[""EVT-000007""]",Ethereum,0x365a7753b2d51c5ac1671337bd571c3540056b89c3fd51be5f6ccf01f8437998,,,,,"[""deposit"",""lock""]","[""Fake Lock Event"",""Insecure call permission"",""M5_source_authenticity""]",,candidate_anomaly,pending,[],,[],unpaired,[],源 target_times 未能独立确认是实际 UTC 交易时间，timestamp 留空。
TXN-000219,"[""EVT-000147""]",Ethereum,0x374ceb56bbfed3a8611c2be069695e4ce88fba9d31ac63c747754ce38c8175f2,,,,,"[""Fund Transfer/Laundering""]","[""Abnormal Asset Transfer""]",,associated,pending,[],80,[],unpaired,"[""https://forum.scrt.network/t/security-incident-axelar-secret-ibc-bridge-exploit-june-10-2026/7995"",""https://hacked.slowmist.io/?c=Bridge""]",
TXN-000220,"[""EVT-000042""]",Ethereum,0x37cc766d5bc73a95069d488e21902efe459600b6e714b75a8204601d9573e005,,,,,"[""process_release"",""withdraw""]","[""M1_control_plane"",""Off-chain""]",,candidate_anomaly,pending,[],,[],unpaired,[],源 target_times 未能独立确认是实际 UTC 交易时间，timestamp 留空。
TXN-000221,"[""EVT-000121""]",Ethereum,0x37d9b911ef710be851a2e08e1cfc61c2544db0f208faeade29ee98cc7506ccc2,,,,,"[""attack_or_exploit_tx""]","[""CrossCurve Bridge Hack Axelar expressExecute""]",,candidate_anomaly,pending,[],,[],unpaired,[],
TXN-000222,"[""EVT-000042""]",Ethereum,0x383e7e2b15a47bf1206fe21dbb8f71a2ec04bc430cd7d8656444754f96ed9ae9,,,,,"[""mint_or_release"",""withdrawal""]",[],,candidate_anomaly,pending,[],20000000000;20000000000.0,[],unpaired,[],源 target_times 未能独立确认是实际 UTC 交易时间，timestamp 留空。
TXN-000223,"[""EVT-000042""]",Ethereum,0x39b107d43d88f1120e4310818c6c1e797125cf202faa299b81c8714e5c3d6691,,,,,"[""mint_or_release"",""withdrawal""]",[],,candidate_anomaly,pending,[],200000000000000000000;2e+20,[],unpaired,[],源 target_times 未能独立确认是实际 UTC 交易时间，timestamp 留空。
TXN-000224,"[""EVT-000007""]",Ethereum,0x39decf95d9d9728f80ab0bda1bdfeee85cce98bba39b66790a2202619b44bc9f,,,,,"[""deposit"",""lock"",""secondary"",""source-side""]","[""Attack contract emitted fake ETH deposits that Bifrost credited although value was diverted back to the attacker."",""Fake Lock Event"",""Insecure call permission"",""M5_source_authenticity""]",,candidate_anomaly,pending,[],,[],unpaired,"[""https://etherscan.io/tx/0x39decf95d9d9728f80ab0bda1bdfeee85cce98bba39b66790a2202619b44bc9f"",""https://github.com/Xscope-Tool/Results#thorchain--2"",""https://medium.com/thorchain/post-mortem-eth-router-exploits-1-2-and-premature-return-to-trading-incident-2908928c5fb""]",源 target_times 未能独立确认是实际 UTC 交易时间，timestamp 留空。
TXN-000225,"[""EVT-000141""]",Ethereum,0x3a1ac28fcba48bc80e5f2a896c56915c46b0f72569dc348c8d84a64038706fb0,,,,,"[""Fund Transfer/Laundering""]","[""Abnormal Asset Transfer""]",,associated,pending,[],1,[],unpaired,"[""https://hacked.slowmist.io/?c=Bridge&page=2"",""https://ourcryptotalk.com/news/butter-bridge-exploit-mints-1-quadrillion-mapo-tokens""]",
TXN-000226,"[""EVT-000007""]",Ethereum,0x3c0377b41d3b0d709cf5fe15767422b91faab724a12816c4650833e551406e36,,,,,"[""deposit"",""lock""]","[""Fake Lock Event"",""Insecure call permission"",""M5_source_authenticity""]",,candidate_anomaly,pending,[],,[],unpaired,[],源 target_times 未能独立确认是实际 UTC 交易时间，timestamp 留空。
TXN-000227,"[""EVT-000004""]",Ethereum,0x3c4d109e786d996f4cc8f53625092ea647f2cf3d95548bdd9350ca9c39fbb6cc,,,,,"[""Withdraw"",""local_disposition_or_other_version""]","[""M6_target_release"",""Withdraw""]",,candidate_anomaly,pending,[],,[],unpaired,[],源 target_times 未能独立确认是实际 UTC 交易时间，timestamp 留空。
TXN-000228,"[""EVT-000042""]",Ethereum,0x3c924c25751355aa11edfb4fcd388bfec7130f22d24dd3a9e22adf91a747cbcd,,,,,"[""mint_or_release"",""withdrawal""]",[],,candidate_anomaly,pending,[],1049947188403;1049947188403.0,[],unpaired,[],源 target_times 未能独立确认是实际 UTC 交易时间，timestamp 留空。
TXN-000229,"[""EVT-000007""]",Ethereum,0x3d4c09bcf91f48a2de347c95f9aaa0d880ed796fa97dd28d9ec4a362b8697b8c,,,,,"[""deposit"",""lock"",""secondary"",""source-side""]","[""Attack contract emitted fake ETH deposits that Bifrost credited although value was diverted back to the attacker."",""Fake Lock Event"",""Insecure call permission"",""M5_source_authenticity""]",,candidate_anomaly,pending,[],,[],unpaired,"[""https://etherscan.io/tx/0x3d4c09bcf91f48a2de347c95f9aaa0d880ed796fa97dd28d9ec4a362b8697b8c"",""https://github.com/Xscope-Tool/Results#thorchain--2"",""https://medium.com/thorchain/post-mortem-eth-router-exploits-1-2-and-premature-return-to-trading-incident-2908928c5fb""]",源 target_times 未能独立确认是实际 UTC 交易时间，timestamp 留空。
TXN-000230,"[""EVT-000042""]",Ethereum,0x3d7aac4388d0374c2ab46f23da61caa289761b0d976b27ea27d1390d78994823,,,,,"[""mint_or_release"",""withdrawal""]",[],,candidate_anomaly,pending,[],1049947188403;1049947188403.0,[],unpaired,[],源 target_times 未能独立确认是实际 UTC 交易时间，timestamp 留空。
TXN-000231,"[""EVT-000004""]",Ethereum,0x3da66a925df9eef195b7e014f73bd582cbe32774f727f5e5973643608c45957a,,,,,"[""Withdraw"",""local_disposition_or_other_version""]","[""M6_target_release"",""Withdraw""]",,candidate_anomaly,pending,[],,[],unpaired,[],源 target_times 未能独立确认是实际 UTC 交易时间，timestamp 留空。
TXN-000232,"[""EVT-000042""]",Ethereum,0x3dbed4a1b95a414a7ff409c27df9d020338d137380ccd14a6069ea17723b0e37,,,,,"[""attack_seed""]",[],,candidate_anomaly,pending,[],,[],unpaired,"[""https://de.fi/blog/report-49-billion-lost-in-crypto-in-2022-infographics-a2e83b662196""]",
TXN-000233,"[""EVT-000022""]",Ethereum,0x3dfa33b5c6150bf3d64f49cb97eba351f99e4dff7119ef458e40f51160bf77ec,,,,,"[""attack_seed"",""lock"",""source_deposit""]","[""Fake Lock Event"",""M5_source_authenticity"",""Unrealized fallback logic""]",,candidate_anomaly,pending,[],,[],unpaired,"[""https://qbt.wiki/en/incident/technical-analysis/""]",源 target_times 未能独立确认是实际 UTC 交易时间，timestamp 留空。
TXN-000234,"[""EVT-000042""]",Ethereum,0x3f9083e432932d83e5b4560203b5a24395bcb24ae3eac0356ee3ca52665b518f,,,,,"[""message-processing"",""mint_or_release"",""secondary"",""withdrawal""]","[""Replica's zero trusted-root initialization allowed an unauthorized message to be processed and bridge assets to be released""]",,candidate_anomaly,pending,[],10000000000;10000000000.0,[],unpaired,"[""https://etherscan.io/tx/0x3f9083e432932d83e5b4560203b5a24395bcb24ae3eac0356ee3ca52665b518f"",""https://github.com/nomad-xyz/hack-data/blob/main/analysis/hack/transaction_hashes.json"",""https://www.coinbase.com/en-gb/blog/nomad-bridge-incident-analysis""]",源 target_times 未能独立确认是实际 UTC 交易时间，timestamp 留空。
TXN-000235,"[""EVT-000042""]",Ethereum,0x40163166dfeaab8ee80e7b0acc62768cef84b7047b42b09827b29a8d77f383a9,,,,,"[""message-processing"",""mint_or_release"",""secondary"",""withdrawal""]","[""Same zero-root/proof-bypass allowed replay/copycat processing of an unauthorized bridge message""]",,candidate_anomaly,pending,[],10000000000;10000000000.0,[],unpaired,"[""https://etherscan.io/tx/0x40163166dfeaab8ee80e7b0acc62768cef84b7047b42b09827b29a8d77f383a9"",""https://github.com/nomad-xyz/hack-data/blob/main/analysis/hack/transaction_hashes.json"",""https://www.coinbase.com/en-gb/blog/nomad-bridge-incident-analysis""]",源 target_times 未能独立确认是实际 UTC 交易时间，timestamp 留空。
TXN-000236,"[""EVT-000042""]",Ethereum,0x40240be1bf54ae0145249b7c590569f0d1ec18a557060529ab7e358dbad03dd1,,,,,"[""mint_or_release"",""withdrawal""]",[],,candidate_anomaly,pending,[],202440725413;202440725413.0,[],unpaired,[],源 target_times 未能独立确认是实际 UTC 交易时间，timestamp 留空。
TXN-000237,"[""EVT-000042""]",Ethereum,0x409ec37dca7f9780304e10e5cea7c137b9e1a76908e06b8eca34bcc95ac03c8b,,,,,"[""mint_or_release"",""withdrawal""]",[],,candidate_anomaly,pending,[],1049947188403;1049947188403.0,[],unpaired,[],源 target_times 未能独立确认是实际 UTC 交易时间，timestamp 留空。
TXN-000238,"[""EVT-000004""]",Ethereum,0x4160f217e7cd4cf3806fb0c3b6f3a596f6aa491a57a7e96aab58ede7f0d2d893,,,,,"[""Withdraw"",""local_disposition_or_other_version""]","[""M6_target_release"",""Withdraw""]",,candidate_anomaly,pending,[],,[],unpaired,[],源 target_times 未能独立确认是实际 UTC 交易时间，timestamp 留空。
TXN-000239,"[""EVT-000042""]",Ethereum,0x430056979cc900f4223eb02172d185dfc101ddc69af77c10f3aa550fd8b8195e,,,,,"[""mint_or_release"",""withdrawal""]",[],,candidate_anomaly,pending,[],200000000000000000000;2e+20,[],unpaired,[],源 target_times 未能独立确认是实际 UTC 交易时间，timestamp 留空。
TXN-000240,"[""EVT-000029""]",Ethereum,0x431136dd361557abe34fe4685a278654e9e1bc7547a40719b348c096c5092d2b,,,,,[],[],,excluded,pending,[],,[],unpaired,"[""https://etherscan.io/tx/0x431136dd361557abe34fe4685a278654e9e1bc7547a40719b348c096c5092d2b""]",
TXN-000241,"[""EVT-000076""]",Ethereum,0x43436bda86fcb9fb4869eda6481a6e638b97cabbfaed00c6ddbb15d2a0be8a9d,,,,,"[""custody-outflow"",""secondary"",""unauthorized_bridge_operator_withdrawal""]","[""Compromise or misuse of the privileged HECO bridge operator key.""]",,candidate_anomaly,pending,[],,[],unpaired,"[""https://etherscan.io/tx/0x43436bda86fcb9fb4869eda6481a6e638b97cabbfaed00c6ddbb15d2a0be8a9d"",""https://www.certik.com/blog/heco-bridge-exploit"",""https://www.htx.com/zh-cn/support/104954980569005""]",源 target_times 未能独立确认是实际 UTC 交易时间，timestamp 留空。
TXN-000242,"[""EVT-000039""]",Ethereum,0x44252f08ad2ccb6b655535c02ec2a7123564644bed28b6d79d26339850599d15,,,,,"[""attack_seed""]",[],,candidate_anomaly,pending,[],,[],unpaired,"[""https://rekt.news/harmony-rekt/""]",
TXN-000243,"[""EVT-000039""]",Ethereum,0x44256bb81181bcaf7b5662614c7ee5f6c30d14e1c8239f006f84864a9cda9f77,,,,,"[""bridge_multisig_execution"",""destination-side"",""primary""]","[""Compromised validator keys satisfied the 2-of-5 multisig and executed an unauthorized bridge withdrawal.""]",,candidate_anomaly,pending,[],,[],unpaired,"[""https://etherscan.io/tx/0x44256bb81181bcaf7b5662614c7ee5f6c30d14e1c8239f006f84864a9cda9f77"",""https://medium.com/harmony-one/harmonys-horizon-bridge-hack-1e8d283b6d66"",""https://www.merklescience.com/blog/hack-track-analysis-of-harmonys-horizon-bridge-exploit""]",源 target_times 未能独立确认是实际 UTC 交易时间，timestamp 留空。
TXN-000244,"[""EVT-000004""]",Ethereum,0x444d1adb5fbae1ab7655194119f22ce4307618e01dcdf85cf11e91442c13bd11,,,,,"[""Withdraw"",""local_disposition_or_other_version""]","[""M6_target_release"",""Withdraw""]",,candidate_anomaly,pending,[],,[],unpaired,[],源 target_times 未能独立确认是实际 UTC 交易时间，timestamp 留空。
TXN-000245,"[""EVT-000068""]",Ethereum,0x448f2a6a6c071cdce254937e06305a033538e1aeb9339227d0e59e0458e6185c,,,,,"[""custody-outflow"",""secondary""]","[""Successful direct transfer moved 1023.8 WBTC from the Multichain Fantom-bridge MPC/custody address to fresh recipient 0x622e...7bA0.""]",,candidate_anomaly,pending,[],,[],unpaired,"[""https://etherscan.io/tx/0x448f2a6a6c071cdce254937e06305a033538e1aeb9339227d0e59e0458e6185c"",""https://twitter.com/MultichainOrg/status/1677096839731097600"",""https://www.chaincatcher.com/article/2096407""]",源 target_times 未能独立确认是实际 UTC 交易时间，timestamp 留空。
TXN-000246,"[""EVT-000151""]",Ethereum,0x451423923ab3df56ce436a921d34d782681cf698b72ca61ad6b8a8b2aeee53b7,,,,,"[""Asset Extraction""]","[""Abnormal Withdrawal/Release""]",,candidate_anomaly,pending,[],1990000,[],unpaired,"[""https://hacked.slowmist.io/?c=Bridge"",""https://paragraph.com/@taiko-labs/taiko-security-incident-a-postmortem-and-next-steps""]",
TXN-000247,"[""EVT-000122""]",Ethereum,0x451c8c62d1fbc08258a0eaad73668e1ad75fd4d57caa3da4f16f1d060397f98f,,,,,[],[],,candidate_anomaly,pending,[],,[],unpaired,"[""https://nomoslabs.io/archive/iotex-2026""]",
TXN-000248,"[""EVT-000143""]",Ethereum,0x469274f4edd45ec3284bf60de8eb30086222745f8f8c8b6a955137feed41281d,,,,,"[""Asset Extraction""]","[""Abnormal Withdrawal/Release""]",,candidate_anomaly,pending,[],434072,[],unpaired,"[""https://hacked.slowmist.io/?c=Bridge"",""https://www.quillaudits.com/blog/hack-analysis/gravity-bridge-demon-mapping-poisoning""]",
TXN-000249,"[""EVT-000042""]",Ethereum,0x46d66b217d0710676cfd076bb2e81b9c209ea43cdacd79472234480819ec1bef,,,,,"[""mint_or_release"",""withdrawal""]",[],,candidate_anomaly,pending,[],1049947188403;1049947188403.0,[],unpaired,[],源 target_times 未能独立确认是实际 UTC 交易时间，timestamp 留空。
TXN-000250,"[""EVT-000076""]",Ethereum,0x46f2ebab3a3195d2c790e45dfbb24bb38bb7886caafc8dfc6c844e844957b1e8,,,,,"[""custody-outflow"",""secondary"",""unauthorized_bridge_operator_withdrawal""]","[""Compromise or misuse of the privileged HECO bridge operator key.""]",,candidate_anomaly,pending,[],,[],unpaired,"[""https://etherscan.io/tx/0x46f2ebab3a3195d2c790e45dfbb24bb38bb7886caafc8dfc6c844e844957b1e8"",""https://www.certik.com/blog/heco-bridge-exploit"",""https://www.htx.com/zh-cn/support/104954980569005""]",源 target_times 未能独立确认是实际 UTC 交易时间，timestamp 留空。
TXN-000251,"[""EVT-000042""]",Ethereum,0x470646732ebeffb48c4063b0aea00b5137174a47bcd22fe49b4ab6186cf9551f,,,,,"[""message-processing"",""mint_or_release"",""secondary"",""withdrawal""]","[""Zero-root proof bypass enabled a helper call to process an unauthorized bridge message and release assets atomically""]",,candidate_anomaly,pending,[],200000000000000000000;2e+20,[],unpaired,"[""https://etherscan.io/tx/0x470646732ebeffb48c4063b0aea00b5137174a47bcd22fe49b4ab6186cf9551f"",""https://github.com/nomad-xyz/hack-data/blob/main/analysis/hack/transaction_hashes.json""]",源 target_times 未能独立确认是实际 UTC 交易时间，timestamp 留空。
TXN-000252,"[""EVT-000022""]",Ethereum,0x478d83f2ad909c64a9a3d807b3d8399bb67a997f9721fc5580ae2c51fab92acf,,,,,"[""attack_seed"",""lock"",""source_deposit""]","[""Fake Lock Event"",""M5_source_authenticity"",""Unrealized fallback logic""]",,candidate_anomaly,pending,[],,[],unpaired,"[""https://qbt.wiki/en/incident/technical-analysis/""]",源 target_times 未能独立确认是实际 UTC 交易时间，timestamp 留空。
TXN-000253,"[""EVT-000007""]",Ethereum,0x47f1fb95da94576105d92f6320f77c8e1d2bfb9f9944460822c8ecc90ee02339,,,,,"[""deposit"",""lock"",""secondary"",""source-side""]","[""Attack contract emitted fake ETH deposits that Bifrost credited although value was diverted back to the attacker."",""Fake Lock Event"",""Insecure call permission"",""M5_source_authenticity""]",,candidate_anomaly,pending,[],,[],unpaired,"[""https://etherscan.io/tx/0x47f1fb95da94576105d92f6320f77c8e1d2bfb9f9944460822c8ecc90ee02339"",""https://github.com/Xscope-Tool/Results#thorchain--2"",""https://medium.com/thorchain/post-mortem-eth-router-exploits-1-2-and-premature-return-to-trading-incident-2908928c5fb""]",源 target_times 未能独立确认是实际 UTC 交易时间，timestamp 留空。
TXN-000254,"[""EVT-000147""]",Ethereum,0x480981f411e26d7f11e4d88db89b2aaf8a3826add4b0399e87b811cffdae33d8,,,,,"[""Fund Transfer/Laundering""]","[""Abnormal Asset Transfer""]",,associated,pending,[],90,[],unpaired,"[""https://forum.scrt.network/t/security-incident-axelar-secret-ibc-bridge-exploit-june-10-2026/7995"",""https://hacked.slowmist.io/?c=Bridge""]",
TXN-000255,"[""EVT-000159""]",Ethereum,0x49318c4f9cf5c8ea2246326a7bde6602205fbc630d9eea83d1452633f374cdf2,,,,,"[""Asset Extraction""]","[""Abnormal Withdrawal/Release""]",,candidate_anomaly,pending,[],0.07706285,[],unpaired,"[""https://hacked.slowmist.io/?c=Bridge"",""https://x.com/blockaid_/status/2081409252489298100""]",
TXN-000256,"[""EVT-000151""]",Ethereum,0x4986e4a4c8c541bc623bff9a6f1caa1795d92d0fcff8efef4d79d7ac4834ee61,,,,,"[""Asset Extraction""]","[""Abnormal Withdrawal/Release""]",,candidate_anomaly,pending,[],156832,[],unpaired,"[""https://hacked.slowmist.io/?c=Bridge"",""https://paragraph.com/@taiko-labs/taiko-security-incident-a-postmortem-and-next-steps""]",
TXN-000257,"[""EVT-000042""]",Ethereum,0x498a0778cc8448a10054d71508dee1a65b5f336daebba8ef859e712000391db9,,,,,"[""message-processing"",""mint_or_release"",""secondary"",""withdrawal""]","[""Zero-root proof bypass let the Replica process an unauthorized message and release bridge assets""]",,candidate_anomaly,pending,[],10000000000;10000000000.0,[],unpaired,"[""https://etherscan.io/tx/0x498a0778cc8448a10054d71508dee1a65b5f336daebba8ef859e712000391db9"",""https://github.com/nomad-xyz/hack-data/blob/main/analysis/hack/transaction_hashes.json"",""https://www.coinbase.com/en-gb/blog/nomad-bridge-incident-analysis""]",源 target_times 未能独立确认是实际 UTC 交易时间，timestamp 留空。
TXN-000258,"[""EVT-000042""]",Ethereum,0x49eb90f1b2aec991b4224e4544c1509b82cf304cdc5500465aa6c59abf3dda89,,,,,"[""process_release"",""withdraw""]","[""M1_control_plane"",""Off-chain""]",,candidate_anomaly,pending,[],,[],unpaired,[],源 target_times 未能独立确认是实际 UTC 交易时间，timestamp 留空。
TXN-000259,"[""EVT-000195""]",Ethereum,0x4a14feea0bdd3d07eb6fe305938878c0cadbfa16904214e0afadad1d93704761,,,,,[],[],,candidate_anomaly,pending,[],,[],unpaired,"[""https://www.certik.com/resources/blog/poly-network-incident-analysis""]",
TXN-000260,"[""EVT-000039""]",Ethereum,0x4a59c3e5c48ae796fe4482681c3da00c15b816d1af9d74210cca5e6ea9ced191,,,,,"[""bridge_multisig_execution"",""destination-side"",""secondary""]","[""Compromised validator keys satisfied the 2-of-5 multisig and executed an unauthorized bridge withdrawal.""]",,candidate_anomaly,pending,[],,[],unpaired,"[""https://etherscan.io/tx/0x4a59c3e5c48ae796fe4482681c3da00c15b816d1af9d74210cca5e6ea9ced191"",""https://medium.com/harmony-one/harmonys-horizon-bridge-hack-1e8d283b6d66"",""https://www.elliptic.co/hubfs/Harmony%20Horizon%20Bridge%20Hack%20P1%20briefing%20note%20final.pdf""]",源 target_times 未能独立确认是实际 UTC 交易时间，timestamp 留空。
TXN-000261,"[""EVT-000151""]",Ethereum,0x4a5c6d40b7523c84eb5f140802d063029781e6b3b215de9ac9bfc03986da67d8,,,,,"[""Asset Extraction""]","[""Abnormal Withdrawal/Release""]",,candidate_anomaly,pending,[],26000,[],unpaired,"[""https://hacked.slowmist.io/?c=Bridge"",""https://paragraph.com/@taiko-labs/taiko-security-incident-a-postmortem-and-next-steps""]",
TXN-000262,"[""EVT-000199""]",Ethereum,0x4b4143cbe7f5475029cf23d6dcbb56856366d91794426f2e33819b9b1aac4e96,,,,,"[""lock""]","[""Insecure call permission""]",,candidate_anomaly,pending,[],,[],unpaired,[],
TXN-000263,"[""EVT-000042""]",Ethereum,0x4cc07aa123626e806531060660c607bc3656b6c8a597fb9a5d83d0aff8f21e54,,,,,"[""mint_or_release"",""withdrawal""]",[],,candidate_anomaly,pending,[],1049947188403;1049947188403.0,[],unpaired,[],源 target_times 未能独立确认是实际 UTC 交易时间，timestamp 留空。
TXN-000264,"[""EVT-000147""]",Ethereum,0x4cf74260f406801fd0859b772b9c2d0cc8ae67e6806f4dff17f0c94e72528a05,,,,,"[""Fund Transfer/Laundering""]","[""Abnormal Asset Transfer""]",,associated,pending,[],110,[],unpaired,"[""https://forum.scrt.network/t/security-incident-axelar-secret-ibc-bridge-exploit-june-10-2026/7995"",""https://hacked.slowmist.io/?c=Bridge""]",
TXN-000265,"[""EVT-000076""]",Ethereum,0x4d346f63fe62fab8127e43a65af749af92185531d16b128ef782a2cdf88e80cd,,,,,"[""custody-outflow"",""secondary""]","[""Compromised or misused HECO bridge operator invoked withdrawToken"",""the successful target transaction released 346994 TUSD from the Ethereum bridge contract to the exploit recipient.""]",,candidate_anomaly,pending,[],,[],unpaired,"[""https://etherscan.io/tx/0x4d346f63fe62fab8127e43a65af749af92185531d16b128ef782a2cdf88e80cd"",""https://www.certik.com/blog/heco-bridge-exploit"",""https://www.htx.com/zh-cn/support/104954980569005""]",源 target_times 未能独立确认是实际 UTC 交易时间，timestamp 留空。
TXN-000266,"[""EVT-000023""]",Ethereum,0x4d5201dd4a377f20e61fb8f42e6f929ec16bcec918f0584e39241d15b254a80f,,,,,"[""attack_or_exploit_tx"",""attack_seed""]",[],,candidate_anomaly,pending,[],,[],unpaired,"[""https://rekt.news/wormhole-rekt/"",""https://techcrunch.com/2022/02/03/blockchain-bridge-wormhole-confirms-that-exploiter-stole-320-million-worth-of-crypto-assets/""]",
TXN-000267,"[""EVT-000131""]",Ethereum,0x4f52256ab6c8ab95d30cf994e0264f1de27e089764bb011824d5ddd47d9a1698,,,,,"[""attack_or_exploit_tx""]",[],,candidate_anomaly,pending,[],,[],unpaired,"[""https://www.blockaid.io/blog/how-a-single-layerzero-dvn-compromise-drained-292m-from-kelpdao""]",
TXN-000268,"[""EVT-000007""]",Ethereum,0x4f61a1590c4aa2a30ffab1735f5273b72bc1fbb63f90d5faf1b380312913bb55,,,,,"[""deposit"",""lock""]","[""Fake Lock Event"",""Insecure call permission"",""M5_source_authenticity""]",,candidate_anomaly,pending,[],,[],unpaired,[],源 target_times 未能独立确认是实际 UTC 交易时间，timestamp 留空。
TXN-000269,"[""EVT-000039""]",Ethereum,0x4ffe23abc37fcdb32e65af09117b9e44ecae82979d8df93884a5d3b5f698983e,,,,,"[""destination-side"",""secondary""]","[""Compromised 2-of-5 multisig executed an unauthorized FRAX withdrawal to the official culprit.""]",,candidate_anomaly,pending,[],,[],unpaired,"[""https://etherscan.io/tx/0x4ffe23abc37fcdb32e65af09117b9e44ecae82979d8df93884a5d3b5f698983e"",""https://medium.com/harmony-one/harmonys-horizon-bridge-hack-1e8d283b6d66"",""https://www.elliptic.co/hubfs/Harmony%20Horizon%20Bridge%20Hack%20P1%20briefing%20note%20final.pdf""]",源 target_times 未能独立确认是实际 UTC 交易时间，timestamp 留空。
TXN-000270,"[""EVT-000022""]",Ethereum,0x501f8541dc7cc594cd0ee245c8710ca12084529b596a3fc0d702f4a77f70b848,,,,,"[""attack_seed"",""lock"",""source_deposit""]","[""Fake Lock Event"",""M5_source_authenticity"",""Unrealized fallback logic""]",,candidate_anomaly,pending,[],,[],unpaired,"[""https://qbt.wiki/en/incident/technical-analysis/""]",源 target_times 未能独立确认是实际 UTC 交易时间，timestamp 留空。
TXN-000271,"[""EVT-000042""]",Ethereum,0x5062970c064c3ebcf0d7d44e5dfa758efe69b8322770395412d8c538e1232984,,,,,"[""mint_or_release"",""withdrawal""]",[],,candidate_anomaly,pending,[],1049947188403;1049947188403.0,[],unpaired,[],源 target_times 未能独立确认是实际 UTC 交易时间，timestamp 留空。
TXN-000272,"[""EVT-000151""]",Ethereum,0x50ba4f0feeea6a22e61e5379f5350a60a049379613d06d0d07018650bbf03efd,,,,,"[""Asset Extraction""]","[""Abnormal Withdrawal/Release""]",,candidate_anomaly,pending,[],126161,[],unpaired,"[""https://hacked.slowmist.io/?c=Bridge"",""https://paragraph.com/@taiko-labs/taiko-security-incident-a-postmortem-and-next-steps""]",
TXN-000273,"[""EVT-000003""]",Ethereum,0x514c90c817c270663513e91492d77e9f7282598f5afc3711800e311b6e00be99,,,,,"[""deposit"",""lock"",""secondary""]","[""Fake Deposit Event"",""M5_source_authenticity"",""Missing check for important fields""]",,candidate_anomaly,pending,[],,[],unpaired,"[""https://blog.thorchain.org/eth-parsing-error-and-exploit"",""https://etherscan.io/tx/0x514c90c817c270663513e91492d77e9f7282598f5afc3711800e311b6e00be99"",""https://slowmist.medium.com/slowmist-analysis-of-three-consecutive-attacks-on-thorchain-6223f1c691be""]",源 target_times 未能独立确认是实际 UTC 交易时间，timestamp 留空。
TXN-000274,"[""EVT-000158""]",Ethereum,0x51b1c8341da4092b7d1e0e4865f7b318de4e96245358b05b2bff2df50adaf0c9,,,,,"[""Exploitation""]","[""Abnormal Message/Proof""]",,candidate_anomaly,pending,[],未核实,[],unpaired,"[""https://hacked.slowmist.io/?c=Bridge"",""https://www.certik.com/blog/verus-incident-analysis""]",
TXN-000275,"[""EVT-000078""]",Ethereum,0x51ce3d9cfc85c1f6a532b908bb2debb16c7569eb8b76effe614016aac6635f65,,,,,"[""attack_seed"",""lock"",""withdraw""]","[""Insecure call permission"",""Withdraw""]",,candidate_anomaly,pending,[],,[],unpaired,"[""https://rekt.news/hypr-network-rekt/""]",
TXN-000276,"[""EVT-000141""]",Ethereum,0x5227406f83df1177b1e7aed72b59f0329c77bf24915ef555c4bfc8c88bc72364,,,,,"[""Fund Transfer/Laundering""]","[""Abnormal Asset Transfer""]",,associated,pending,[],10,[],unpaired,"[""https://hacked.slowmist.io/?c=Bridge&page=2"",""https://ourcryptotalk.com/news/butter-bridge-exploit-mints-1-quadrillion-mapo-tokens""]",
TXN-000277,"[""EVT-000042""]",Ethereum,0x53fd92771d2084a9bf39a6477015ef53b7f116c79d98a21be723d06d79024cad,,,,,"[""attack_or_exploit_tx"",""governance_or_upgrade""]","[""M8_unresolved"",""Nomad Bridge Exploit Incident Analysis""]",,candidate_anomaly,pending,[],,[],unpaired,"[""https://www.certik.com/blog/nomad-bridge-exploit-incident-analysis""]",源 target_times 未能独立确认是实际 UTC 交易时间，timestamp 留空。
TXN-000278,"[""EVT-000042""]",Ethereum,0x54d9b3faa3031442337f6abfd0ff3b7bb83329f21e2d0896f1f146456697aa9d,,,,,"[""mint_or_release"",""withdrawal""]",[],,candidate_anomaly,pending,[],202440725413;202440725413.0,[],unpaired,[],源 target_times 未能独立确认是实际 UTC 交易时间，timestamp 留空。
TXN-000279,"[""EVT-000042""]",Ethereum,0x5562487c9c2425d92f12e672d3a0841500bfd2ddfa5ac501626d4ec96886c24a,,,,,"[""process_release"",""withdraw""]","[""M1_control_plane"",""Off-chain""]",,candidate_anomaly,pending,[],,[],unpaired,[],源 target_times 未能独立确认是实际 UTC 交易时间，timestamp 留空。
TXN-000280,"[""EVT-000042""]",Ethereum,0x5584ec473d8d69b9d3035ccfd2c3bb598a40e3e430a197d3afa40c9fccba3ca2,,,,,"[""mint_or_release"",""withdrawal""]",[],,candidate_anomaly,pending,[],1049947188403;1049947188403.0,[],unpaired,[],源 target_times 未能独立确认是实际 UTC 交易时间，timestamp 留空。
TXN-000281,"[""EVT-000042""]",Ethereum,0x568ab1cff56a1d57a420cf37325ea0888de9234fc4d7ee9591af55340a1a5411,,,,,"[""process_release"",""withdraw"",""withdrawal""]","[""M1_control_plane"",""Off-chain""]",,candidate_anomaly,pending,[],202440725413;202440725413.0,[],unpaired,[],源 target_times 未能独立确认是实际 UTC 交易时间，timestamp 留空。
TXN-000282,"[""EVT-000042""]",Ethereum,0x56b4551dd7e8f475a2c70c7a7e53a5e9a1d5e09f33dac0d89b7816748a8caaf6,,,,,"[""process_release"",""withdraw"",""withdrawal""]","[""M1_control_plane"",""Off-chain""]",,candidate_anomaly,pending,[],10000000000000000000000;1e+22,[],unpaired,[],源 target_times 未能独立确认是实际 UTC 交易时间，timestamp 留空。
TXN-000283,"[""EVT-000042""]",Ethereum,0x56b4ade16ad35792f0515da867c3124210ef233b4b18f047b470976da8034f61,,,,,"[""message-processing"",""mint_or_release"",""secondary"",""withdrawal""]","[""Zero-root proof bypass let the Replica process an unauthorized message and release bridge assets""]",,candidate_anomaly,pending,[],300000000;300000000.0,[],unpaired,"[""https://etherscan.io/tx/0x56b4ade16ad35792f0515da867c3124210ef233b4b18f047b470976da8034f61"",""https://github.com/nomad-xyz/hack-data/blob/main/analysis/hack/transaction_hashes.json"",""https://www.coinbase.com/en-gb/blog/nomad-bridge-incident-analysis""]",源 target_times 未能独立确认是实际 UTC 交易时间，timestamp 留空。
TXN-000284,"[""EVT-000079""]",Ethereum,0x56e6efe2c4fe88a03b5e65a7e295869300aa97a9a9f22f0fae93ec712195e5a7,,,,,"[""attack_seed""]",[],,candidate_anomaly,pending,[],,[],unpaired,"[""https://rekt.news/orbit-bridge-rekt/"",""https://t.me/s/OrbitChainChannel/950""]",
TXN-000285,"[""EVT-000186""]",Ethereum,0x57a48345f0b2c9c69b0374e16983b95f4dc2032814f47249b946a078f19d4e0e,,,,,"[""attack_seed""]",[],,candidate_anomaly,pending,[],,[],unpaired,"[""https://de.fi/blog/report-49-billion-lost-in-crypto-in-2022-infographics-a2e83b662196""]",
TXN-000286,"[""EVT-000022""]",Ethereum,0x580206541ab2916d2ef9b89e5bf6e833031700d01f2ea372ec0bec331f38225b,,,,,"[""attack_seed"",""lock"",""source_deposit""]","[""Fake Lock Event"",""M5_source_authenticity"",""Unrealized fallback logic""]",,candidate_anomaly,pending,[],,[],unpaired,"[""https://qbt.wiki/en/incident/technical-analysis/""]",源 target_times 未能独立确认是实际 UTC 交易时间，timestamp 留空。
TXN-000287,"[""EVT-000082""]",Ethereum,0x591d054a9db63f0976e533f447df482bed5f24d7429646570b2108a67e24ce54,,,,,"[""lock""]","[""Insecure call permission""]",,candidate_anomaly,pending,[],,[],unpaired,[],
TXN-000288,"[""EVT-000147""]",Ethereum,0x59e06f4259247423cd405b02afd36ba8709d17f1b3e0ef022af043a2e58900a5,,,,,"[""Fund Transfer/Laundering""]","[""Abnormal Asset Transfer""]",,associated,pending,[],50,[],unpaired,"[""https://forum.scrt.network/t/security-incident-axelar-secret-ibc-bridge-exploit-june-10-2026/7995"",""https://hacked.slowmist.io/?c=Bridge""]",
TXN-000289,"[""EVT-000143""]",Ethereum,0x59e52302c53e862fcf833b61eb851ff66e098e3d29db19fd66e5a04734eeb84b,,,,,"[""Asset Extraction""]","[""Abnormal Withdrawal/Release""]",,candidate_anomaly,pending,[],274.34,[],unpaired,"[""https://hacked.slowmist.io/?c=Bridge"",""https://www.quillaudits.com/blog/hack-analysis/gravity-bridge-demon-mapping-poisoning""]",
TXN-000290,"[""EVT-000042""]",Ethereum,0x59f84b94953e0f79177e9c66116a89a5e89066037ebe9195a7264f11be924be7,,,,,"[""mint_or_release"",""withdrawal""]",[],,candidate_anomaly,pending,[],202440725413;202440725413.0,[],unpaired,[],源 target_times 未能独立确认是实际 UTC 交易时间，timestamp 留空。
TXN-000291,"[""EVT-000147""]",Ethereum,0x5abb7ce7f64c360372a5b5b069b748d83f2a3b08780d15a72e430fc31e899025,,,,,"[""Fund Transfer/Laundering""]","[""Abnormal Asset Transfer""]",,associated,pending,[],280316.74,[],unpaired,"[""https://forum.scrt.network/t/security-incident-axelar-secret-ibc-bridge-exploit-june-10-2026/7995"",""https://hacked.slowmist.io/?c=Bridge""]",
TXN-000292,"[""EVT-000042""]",Ethereum,0x5ae6b010ff183ae826fc59d1d6e6cfdc0dda52448615c7f59f0a52908bc6da31,,,,,"[""mint_or_release"",""withdrawal""]",[],,candidate_anomaly,pending,[],202440725413;202440725413.0,[],unpaired,[],源 target_times 未能独立确认是实际 UTC 交易时间，timestamp 留空。
TXN-000293,"[""EVT-000022""]",Ethereum,0x5af141b2c19cc8cb77a5583654575a6811664ebc304b75e687a6e356b7dd7cf7,,,,,"[""lock"",""source_deposit""]","[""Fake Lock Event"",""M5_source_authenticity"",""Unrealized fallback logic""]",,candidate_anomaly,pending,[],,[],unpaired,[],源 target_times 未能独立确认是实际 UTC 交易时间，timestamp 留空。
TXN-000294,"[""EVT-000147""]",Ethereum,0x5b11120877276e8fb493c420f22776fa19c20e7e1376ab338c0533969606bf0b,,,,,"[""Fund Transfer/Laundering""]","[""Abnormal Asset Transfer""]",,associated,pending,[],6.201,[],unpaired,"[""https://forum.scrt.network/t/security-incident-axelar-secret-ibc-bridge-exploit-june-10-2026/7995"",""https://hacked.slowmist.io/?c=Bridge""]",
TXN-000295,"[""EVT-000007""]",Ethereum,0x5b5a971dcf5e8a2b551e2e9cf3eacf3c30d49a3289afc4eadf1a1d3ef5af87d4,,,,,"[""deposit"",""lock""]","[""Fake Lock Event"",""Insecure call permission"",""M5_source_authenticity""]",,candidate_anomaly,pending,[],,[],unpaired,[],源 target_times 未能独立确认是实际 UTC 交易时间，timestamp 留空。
TXN-000296,"[""EVT-000007""]",Ethereum,0x5b6b42c1fecf027d5efcd12c20fc4bf55486e438c580cd3eead326238ffacfa6,,,,,"[""deposit"",""lock"",""secondary"",""source-side""]","[""Attack contract emitted fake ETH deposits that Bifrost credited although value was diverted back to the attacker."",""Fake Lock Event"",""Insecure call permission"",""M5_source_authenticity""]",,candidate_anomaly,pending,[],,[],unpaired,"[""https://etherscan.io/tx/0x5b6b42c1fecf027d5efcd12c20fc4bf55486e438c580cd3eead326238ffacfa6"",""https://github.com/Xscope-Tool/Results#thorchain--2"",""https://medium.com/thorchain/post-mortem-eth-router-exploits-1-2-and-premature-return-to-trading-incident-2908928c5fb""]",源 target_times 未能独立确认是实际 UTC 交易时间，timestamp 留空。
TXN-000297,"[""EVT-000042""]",Ethereum,0x5bc5b943cfc0688cb1686cac7ed279fd0a8e0741acb3c88b2ca781304359c20c,,,,,"[""mint_or_release"",""withdrawal""]",[],,candidate_anomaly,pending,[],1049947188403;1049947188403.0,[],unpaired,[],源 target_times 未能独立确认是实际 UTC 交易时间，timestamp 留空。
TXN-000298,"[""EVT-000042""]",Ethereum,0x5c43d21735d45962bc2e855b3a9187b97d2b102d4adfbe5b7003cfeb49a2a349,,,,,"[""mint_or_release"",""withdrawal""]",[],,candidate_anomaly,pending,[],1049947188403;1049947188403.0,[],unpaired,[],源 target_times 未能独立确认是实际 UTC 交易时间，timestamp 留空。
TXN-000299,"[""EVT-000004""]",Ethereum,0x5c5688a9f981a07ed509481352f12f22a4bd7cea46a932c6d6bbe67cca3c54be,,,,,"[""Withdraw"",""signed_receive""]","[""M6_target_release"",""Withdraw""]",,candidate_anomaly,pending,[],,[],unpaired,"[""https://chain-swap.medium.com/chainswap-post-mortem-and-compensation-plan-90cad50898ab""]",源 target_times 未能独立确认是实际 UTC 交易时间，timestamp 留空。
TXN-000300,"[""EVT-000042""]",Ethereum,0x5c5f3325d212b8e0863c76995b5aa54aaf22723c3fbd68b38f33b1309c8b16bd,,,,,"[""message-processing"",""mint_or_release"",""secondary"",""withdrawal""]","[""Zero-root proof bypass let the Replica process an unauthorized message and release bridge assets""]",,candidate_anomaly,pending,[],300000000;300000000.0,[],unpaired,"[""https://etherscan.io/tx/0x5c5f3325d212b8e0863c76995b5aa54aaf22723c3fbd68b38f33b1309c8b16bd"",""https://github.com/nomad-xyz/hack-data/blob/main/analysis/hack/transaction_hashes.json"",""https://www.coinbase.com/en-gb/blog/nomad-bridge-incident-analysis""]",源 target_times 未能独立确认是实际 UTC 交易时间，timestamp 留空。
TXN-000301,"[""EVT-000076""]",Ethereum,0x5d30125e15a5a8660f6caf280f26c7a42bc544b8872ca30a3b2de2dbcc8024c8,,,,,"[""custody-outflow"",""secondary""]","[""Compromised or misused HECO bridge operator invoked withdrawToken"",""the successful target transaction released 42399 LINK from the Ethereum bridge contract to the exploit recipient.""]",,candidate_anomaly,pending,[],,[],unpaired,"[""https://etherscan.io/tx/0x5d30125e15a5a8660f6caf280f26c7a42bc544b8872ca30a3b2de2dbcc8024c8"",""https://www.certik.com/blog/heco-bridge-exploit"",""https://www.htx.com/zh-cn/support/104954980569005""]",源 target_times 未能独立确认是实际 UTC 交易时间，timestamp 留空。
TXN-000302,"[""EVT-000007""]",Ethereum,0x5da19c1c5c2f6bbdf9d4fb0e6ff16a0df6d6d7fe1f8e95ca755e5b3c6aada458,,,,,"[""deposit"",""lock""]","[""Fake Lock Event"",""Insecure call permission"",""M5_source_authenticity""]",,candidate_anomaly,pending,[],,[],unpaired,[],源 target_times 未能独立确认是实际 UTC 交易时间，timestamp 留空。
TXN-000303,"[""EVT-000079""]",Ethereum,0x5e35f4b1886d62543cc027b5c0ef54aac3901a25c37d8ea6b1ab8861c9bd09dd,,,,,"[""attack_or_exploit_tx""]","[""Orbit Bridge REKT""]",,candidate_anomaly,pending,[],,[],unpaired,"[""https://etherscan.io/tx/0x5e35f4b1886d62543cc027b5c0ef54aac3901a25c37d8ea6b1ab8861c9bd09dd"",""https://t.me/s/OrbitChainChannel/950""]",
TXN-000304,"[""EVT-000183""]",Ethereum,0x5e4c7966b0eaddaf63f1c89fc1c4c84812905ea79c6bee9d2ada2d2e5afe1f34,,,,,[],[],,candidate_anomaly,pending,[],,[],unpaired,"[""https://rekt.news/badger-rekt/""]",
TXN-000305,"[""EVT-000010""]",Ethereum,0x5e50184e0d68f0ff34d9c49107d684bc8d057ca6dae514c0769736814808282d,,,,,"[""lock"",""withdraw""]","[""Fake Deposit Event"",""Missing check for important fields""]",,candidate_anomaly,pending,[],,[],unpaired,[],
TXN-000306,"[""EVT-000042""]",Ethereum,0x5ef54a9c14b934d7ef90739d80a8832e24cd0c4dd8a5e80cdad402bd001d635a,,,,,"[""process_release"",""withdraw""]","[""M1_control_plane"",""Off-chain""]",,candidate_anomaly,pending,[],,[],unpaired,[],源 target_times 未能独立确认是实际 UTC 交易时间，timestamp 留空。
TXN-000307,"[""EVT-000004""]",Ethereum,0x5fdf66a2f564ba7f4ab751d3435275e0549b9412580ae2cceecd771f01ebd54e,,,,,"[""Withdraw"",""signed_receive""]","[""M6_target_release"",""Withdraw""]",,candidate_anomaly,pending,[],,[],unpaired,[],源 target_times 未能独立确认是实际 UTC 交易时间，timestamp 留空。
TXN-000308,"[""EVT-000181""]",Ethereum,0x600a869aa3a259158310a233b815ff67ca41eab8961a49918c2031297a02f1cc,,,,,"[""attack_seed""]",[],,candidate_anomaly,pending,[],,[],unpaired,"[""https://peckshield.medium.com/cheese-bank-incident-root-cause-analysis-d076bf87a1e7""]",
TXN-000309,"[""EVT-000042""]",Ethereum,0x61497a1a3d3db0f19238ec58f371a24cf24a2640ad04fa939c159efd3987c566,,,,,"[""attack_seed""]",[],,candidate_anomaly,pending,[],,[],unpaired,"[""https://de.fi/blog/report-49-billion-lost-in-crypto-in-2022-infographics-a2e83b662196""]",
TXN-000310,"[""EVT-000042""]",Ethereum,0x61497a1a8a8659a06358e130ea590e1eed8956edbd99dbb2048cfb46850a8f17,,,,,"[""message-processing"",""mint_or_release"",""primary"",""withdrawal""]","[""Replica accepted an arbitrary message because the trusted root was initialized to zero and unproven messages could be processed by copying valid calldata""]",,candidate_anomaly,pending,[],10000000000;10000000000.0,[],unpaired,"[""https://eth.blockscout.com/api/v2/transactions/0x61497a1a8a8659a06358e130ea590e1eed8956edbd99dbb2048cfb46850a8f17"",""https://etherscan.io/tx/0x61497a1a8a8659a06358e130ea590e1eed8956edbd99dbb2048cfb46850a8f17"",""https://github.com/nomad-xyz/hack-data/blob/main/analysis/hack/transaction_hashes.json"",""https://www.coinbase.com/en-gb/blog/nomad-bridge-incident-analysis""]",源 target_times 未能独立确认是实际 UTC 交易时间，timestamp 留空。
TXN-000311,"[""EVT-000004""]",Ethereum,0x622a9089270462b8e9eebde4359ae7274f463f8849b925b2ef2e1d0c1cce60d9,,,,,"[""Withdraw"",""signed_receive""]","[""M6_target_release"",""Withdraw""]",,candidate_anomaly,pending,[],,[],unpaired,[],源 target_times 未能独立确认是实际 UTC 交易时间，timestamp 留空。
TXN-000312,"[""EVT-000007""]",Ethereum,0x6325fc986c965c789153d5b33cb949640b843ece82219dd31ad96e2b78dda45a,,,,,"[""deposit"",""lock"",""secondary"",""source-side""]","[""Attack contract emitted fake ETH deposits that Bifrost credited although value was diverted back to the attacker."",""Fake Lock Event"",""Insecure call permission"",""M5_source_authenticity""]",,candidate_anomaly,pending,[],,[],unpaired,"[""https://etherscan.io/tx/0x6325fc986c965c789153d5b33cb949640b843ece82219dd31ad96e2b78dda45a"",""https://github.com/Xscope-Tool/Results#thorchain--2"",""https://medium.com/thorchain/post-mortem-eth-router-exploits-1-2-and-premature-return-to-trading-incident-2908928c5fb""]",源 target_times 未能独立确认是实际 UTC 交易时间，timestamp 留空。
TXN-000313,"[""EVT-000079""]",Ethereum,0x639d27e564214411ad8eb06cf00d85cd90f83503a53ab5bf35dd5c6e1148ae0a,,,,,"[""attack_or_exploit_tx"",""destination-side"",""secondary"",""unauthorized_bridge_vault_withdrawal""]","[""Forged or otherwise unauthorized validator signatures accepted by the bridge withdrawal path."",""Orbit Bridge REKT""]",,candidate_anomaly,pending,[],,[],unpaired,"[""https://blog.solidityscan.com/orbit-chain-hack-analysis-b71c36a54a69"",""https://blog.solidityscan.com/orbit-chain-hack-analysis-b71c36a54a69/"",""https://etherscan.io/tx/0x639d27e564214411ad8eb06cf00d85cd90f83503a53ab5bf35dd5c6e1148ae0a"",""https://medium.com/orbit-chain/official-statement-regarding-orbit-bridge-exploit-551928f3dc52"",""https://t.me/s/OrbitChainChannel/950""]",源 target_times 未能独立确认是实际 UTC 交易时间，timestamp 留空。
TXN-000314,"[""EVT-000042""]",Ethereum,0x63f216906ff7c0acc97f98ee4f649ddb267ed03be421119db106e11e1475c6e6,,,,,"[""mint_or_release"",""withdrawal""]",[],,candidate_anomaly,pending,[],202440725413;202440725413.0,[],unpaired,[],源 target_times 未能独立确认是实际 UTC 交易时间，timestamp 留空。
TXN-000315,"[""EVT-000079""]",Ethereum,0x64a6f486c20671e1389b3c7948d46733325c407245a86bf510cb69ef401a3f0e,,,,,"[""attack_or_exploit_tx"",""destination-side"",""secondary"",""unauthorized_bridge_vault_withdrawal""]","[""Forged or otherwise unauthorized validator signatures accepted by the bridge withdrawal path."",""Orbit Bridge REKT""]",,candidate_anomaly,pending,[],,[],unpaired,"[""https://blog.solidityscan.com/orbit-chain-hack-analysis-b71c36a54a69"",""https://blog.solidityscan.com/orbit-chain-hack-analysis-b71c36a54a69/"",""https://etherscan.io/tx/0x64a6f486c20671e1389b3c7948d46733325c407245a86bf510cb69ef401a3f0e"",""https://medium.com/orbit-chain/official-statement-regarding-orbit-bridge-exploit-551928f3dc52"",""https://t.me/s/OrbitChainChannel/950""]",源 target_times 未能独立确认是实际 UTC 交易时间，timestamp 留空。
TXN-000316,"[""EVT-000042""]",Ethereum,0x6514a52a52978e482b7115850ede39656fb1175a38f8317bf55ef9c98ce2712b,,,,,"[""mint_or_release"",""withdrawal""]",[],,candidate_anomaly,pending,[],77000000000;77000000000.0,[],unpaired,[],源 target_times 未能独立确认是实际 UTC 交易时间，timestamp 留空。
TXN-000317,"[""EVT-000201""]",Ethereum,0x6551b933b984342fd353d4b522aee7db500900e208dc1337b0c1f17647e36e56,,,,,"[""lock""]","[""Insecure call permission""]",,candidate_anomaly,pending,[],,[],unpaired,[],
TXN-000318,"[""EVT-000042""]",Ethereum,0x657a28015280bb0d92ef17c0e6e6b3542fbd1481a994eece2696bbf581de1c66,,,,,"[""mint_or_release"",""withdrawal""]",[],,candidate_anomaly,pending,[],300000000;300000000.0,[],unpaired,[],源 target_times 未能独立确认是实际 UTC 交易时间，timestamp 留空。
TXN-000319,"[""EVT-000042""]",Ethereum,0x65bb46dbf535b8779dd28fb5045aad736b8c456be2ed8275129622758554ee0e,,,,,"[""mint_or_release"",""withdrawal""]",[],,candidate_anomaly,pending,[],202440725413;202440725413.0,[],unpaired,[],源 target_times 未能独立确认是实际 UTC 交易时间，timestamp 留空。
TXN-000320,"[""EVT-000143""]",Ethereum,0x67a181c333cb75231613c125215168a1eacbb4021d07cf0d91ca8bbaa65f8245,,,,,"[""Exploitation""]","[""Protocol-state Manipulation""]",,candidate_anomaly,pending,[],未核实,[],unpaired,"[""https://hacked.slowmist.io/?c=Bridge"",""https://www.quillaudits.com/blog/hack-analysis/gravity-bridge-demon-mapping-poisoning""]",
TXN-000321,"[""EVT-000010""]",Ethereum,0x67a5e251527b2d8081c9b640f7f65d18ec861190f617ec6c5b156307855e0932,,,,,"[""lock"",""withdraw""]","[""Fake Deposit Event"",""Missing check for important fields""]",,candidate_anomaly,pending,[],,[],unpaired,[],
TXN-000322,"[""EVT-000042""]",Ethereum,0x67eadc7efea9ea1f5271e9f02d7cc18440d3354b6a32d4f4fbd49ef46615a10f,,,,,"[""mint_or_release"",""withdrawal""]",[],,candidate_anomaly,pending,[],202440725413;202440725413.0,[],unpaired,[],源 target_times 未能独立确认是实际 UTC 交易时间，timestamp 留空。
TXN-000323,"[""EVT-000147""]",Ethereum,0x682d058fef74d12677cf6d70a9213eb28b3b3838d9b9028d86ada2ad227776eb,,,,,"[""Fund Transfer/Laundering""]","[""Abnormal Asset Transfer""]",,associated,pending,[],50,[],unpaired,"[""https://forum.scrt.network/t/security-incident-axelar-secret-ibc-bridge-exploit-june-10-2026/7995"",""https://hacked.slowmist.io/?c=Bridge""]",
TXN-000324,"[""EVT-000042""]",Ethereum,0x6836d2edb180c240d0623c57ca784ab0c0171fb132c0f92803ff676c91b69711,,,,,"[""mint_or_release"",""withdrawal""]",[],,candidate_anomaly,pending,[],1049947188403;1049947188403.0,[],unpaired,[],源 target_times 未能独立确认是实际 UTC 交易时间，timestamp 留空。
TXN-000325,"[""EVT-000004""]",Ethereum,0x686d150e7f65b781341d98700bb91dc07fc4af0860628e45fac44c48fe102bab,,,,,"[""Withdraw"",""local_disposition_or_other_version""]","[""M6_target_release"",""Withdraw""]",,candidate_anomaly,pending,[],,[],unpaired,[],源 target_times 未能独立确认是实际 UTC 交易时间，timestamp 留空。
TXN-000326,"[""EVT-000184""]",Ethereum,0x68cdec0ac76454c3b0f7af0b8a3895db00adf6daaf3b50a99716858c4fa54c6f,,,,,"[""attack_seed""]",[],,candidate_anomaly,pending,[],,[],unpaired,"[""https://medium.com/@nvy_0x/the-beanstalk-bean-exploit-b038f4d324ea""]",
TXN-000327,"[""EVT-000191""]",Ethereum,0x68e2ab07e09e79360dacda1a32a26b7eb2a9fad361330c103d8093c08c27c719,,,,,"[""withdraw""]","[""Withdraw""]",,candidate_anomaly,pending,[],,[],unpaired,[],
TXN-000328,"[""EVT-000151""]",Ethereum,0x68ff8e072ff76dc90af1cba793b5923eda87945052e078478e35e90aa7ef7955,,,,,"[""Exploitation""]","[""Abnormal Message/Proof""]",,candidate_anomaly,pending,[],未核实,[],unpaired,"[""https://hacked.slowmist.io/?c=Bridge"",""https://paragraph.com/@taiko-labs/taiko-security-incident-a-postmortem-and-next-steps""]",
TXN-000329,"[""EVT-000042""]",Ethereum,0x696f33c5a1597d2c8529f5b45d49097a825a11f0a8b7226602f0a29b2384352a,,,,,"[""mint_or_release"",""withdrawal""]",[],,candidate_anomaly,pending,[],100000000000000000000;1e+20,[],unpaired,[],源 target_times 未能独立确认是实际 UTC 交易时间，timestamp 留空。
TXN-000330,"[""EVT-000186""]",Ethereum,0x697869216fca142e3db7fb2c1d97d0c2dc37bd8da4cae2a9e2a8ec40676ec2f7,,,,,"[""attack_seed""]",[],,candidate_anomaly,pending,[],,[],unpaired,"[""https://de.fi/blog/report-49-billion-lost-in-crypto-in-2022-infographics-a2e83b662196""]",
TXN-000331,"[""EVT-000039""]",Ethereum,0x698b6a4da3defaed0b7936e0e90d7bc94df6529f5ec8f4cd47d48f7f73729915,,,,,"[""destination-side"",""secondary""]","[""Compromised 2-of-5 multisig executed an unauthorized WETH withdrawal to the official culprit.""]",,candidate_anomaly,pending,[],,[],unpaired,"[""https://etherscan.io/tx/0x698b6a4da3defaed0b7936e0e90d7bc94df6529f5ec8f4cd47d48f7f73729915"",""https://medium.com/harmony-one/harmonys-horizon-bridge-hack-1e8d283b6d66"",""https://www.merklescience.com/blog/hack-track-analysis-of-harmonys-horizon-bridge-exploit""]",源 target_times 未能独立确认是实际 UTC 交易时间，timestamp 留空。
TXN-000332,"[""EVT-000139""]",Ethereum,0x6990f01720f57fc515d0e976a0c4f8157e0a9529194c4c15d190e98d087eb321,,,,,"[""Asset Extraction""]","[""Abnormal Withdrawal/Release""]",,candidate_anomaly,pending,"[{""asset"":""tBTC"",""amount"":""103.5677""},{""asset"":""USDC"",""amount"":""147658.84""}]","约 1,625.3669 ETH; 103.5677 tBTC; 147,658.84 USDC",[],unpaired,"[""https://hacked.slowmist.io/?c=Bridge&page=2"",""https://u0.rs/verus-bridge-exploit-2026-05""]",
TXN-000333,"[""EVT-000068""]",Ethereum,0x6a0a49105823e1eb6a6e30b67343fc34a323c4cf97039f082d32f2b5ad9c48e5,,,,,"[""custody-outflow"",""secondary""]","[""A successful direct USDC transfer moved a 2 USDC test amount from the Multichain Fantom-bridge MPC/custody address to the same fresh address that immediately received the large unauthorized USDC outflow.""]",,candidate_anomaly,pending,[],,[],unpaired,"[""https://etherscan.io/tx/0x6a0a49105823e1eb6a6e30b67343fc34a323c4cf97039f082d32f2b5ad9c48e5"",""https://twitter.com/MultichainOrg/status/1677096839731097600"",""https://www.chaincatcher.com/article/2096407""]",源 target_times 未能独立确认是实际 UTC 交易时间，timestamp 留空。
TXN-000334,"[""EVT-000042""]",Ethereum,0x6be7a640ea9c9d2080027ef3ab2aaab008e7366757765ca52ef520245c84aba2,,,,,"[""mint_or_release"",""withdrawal""]",[],,candidate_anomaly,pending,[],202440725413;202440725413.0,[],unpaired,[],源 target_times 未能独立确认是实际 UTC 交易时间，timestamp 留空。
TXN-000335,"[""EVT-000042""]",Ethereum,0x6bef2d716307c550223f1ba99228ce43ce991aafda0089892f2e4dc8a947953c,,,,,"[""mint_or_release"",""withdrawal""]",[],,candidate_anomaly,pending,[],202440725413;202440725413.0,[],unpaired,[],源 target_times 未能独立确认是实际 UTC 交易时间，timestamp 留空。
TXN-000336,"[""EVT-000098""]",Ethereum,0x6c3cf48e9c8b22f60fc2b702b03f93926ee8624639b100fe851b757947e61759,,,,,"[""bridge_withdrawal""]",[],,candidate_anomaly,pending,[],,[],unpaired,[],源 target_times 未能独立确认是实际 UTC 交易时间，timestamp 留空。
TXN-000337,"[""EVT-000042""]",Ethereum,0x6d6cb2aab2f194eebe6425fe76f1ffee73a30b7d695bb5cc15b67dcf36a3fffb,,,,,"[""process_release"",""withdraw""]","[""M1_control_plane"",""Off-chain""]",,candidate_anomaly,pending,[],,[],unpaired,[],源 target_times 未能独立确认是实际 UTC 交易时间，timestamp 留空。
TXN-000338,"[""EVT-000147""]",Ethereum,0x6e8d226278902967c849b4f604262c68b2ee941f7289c0d2c3baf171bbf6daa5,,,,,"[""Fund Transfer/Laundering""]","[""Abnormal Asset Transfer""]",,associated,pending,[],90,[],unpaired,"[""https://forum.scrt.network/t/security-incident-axelar-secret-ibc-bridge-exploit-june-10-2026/7995"",""https://hacked.slowmist.io/?c=Bridge""]",
TXN-000339,"[""EVT-000068""]",Ethereum,0x6eab00d931a89c8efc7d649b26a4f335c0278f8ee94a712e6abce79acf9fdce4,,,,,"[""custody-outflow"",""secondary""]","[""Successful direct transfer moved 1492821 USDT from the Multichain Fantom-bridge MPC/custody address to fresh recipient 0x9d57...2b68.""]",,candidate_anomaly,pending,[],,[],unpaired,"[""https://etherscan.io/tx/0x6eab00d931a89c8efc7d649b26a4f335c0278f8ee94a712e6abce79acf9fdce4"",""https://twitter.com/MultichainOrg/status/1677096839731097600"",""https://www.chaincatcher.com/article/2096407""]",源 target_times 未能独立确认是实际 UTC 交易时间，timestamp 留空。
TXN-000340,"[""EVT-000012""]",Ethereum,0x6ee8444d2436eff636ce64d42f74dc12766f38bd25c3dbd439d7401ac032877b,,,,,"[""withdraw""]","[""Off-chain""]",,candidate_anomaly,pending,[],,[],unpaired,[],
TXN-000341,"[""EVT-000186""]",Ethereum,0x6f17f1228f78fd723bf5caf7df8f3228d1c5461a1a54991163490cbdcf21aa9f,,,,,"[""attack_seed""]",[],,candidate_anomaly,pending,[],,[],unpaired,"[""https://de.fi/blog/report-49-billion-lost-in-crypto-in-2022-infographics-a2e83b662196""]",
TXN-000342,"[""EVT-000141""]",Ethereum,0x6f1e1b649a558984407650ae58e1954de0a15c33c4e8f54cf20bb2a20dc620e3,,,,,"[""Fund Transfer/Laundering""]","[""Abnormal Asset Transfer""]",,associated,pending,[],0.1,[],unpaired,"[""https://hacked.slowmist.io/?c=Bridge&page=2"",""https://ourcryptotalk.com/news/butter-bridge-exploit-mints-1-quadrillion-mapo-tokens""]",
TXN-000343,"[""EVT-000022""]",Ethereum,0x6f24d176e178f80e15daa4a2c03106404584be6469a29077defd2c9e788e58c4,,,,,"[""attack_seed"",""lock"",""source_deposit""]","[""Fake Lock Event"",""M5_source_authenticity"",""Unrealized fallback logic""]",,candidate_anomaly,pending,[],,[],unpaired,"[""https://qbt.wiki/en/incident/technical-analysis/""]",源 target_times 未能独立确认是实际 UTC 交易时间，timestamp 留空。
TXN-000344,"[""EVT-000147""]",Ethereum,0x7039eba2d324b57b493abb0cbba2bc41fce38a7587b076be089270f7cd582cff,,,,,"[""Fund Transfer/Laundering""]","[""Abnormal Asset Transfer""]",,associated,pending,[],159549.57,[],unpaired,"[""https://forum.scrt.network/t/security-incident-axelar-secret-ibc-bridge-exploit-june-10-2026/7995"",""https://hacked.slowmist.io/?c=Bridge""]",
TXN-000345,"[""EVT-000042""]",Ethereum,0x703d09d6ea6e5e1eb0c74a093be82d043727765008076b75e816b851f28c2dd7,,,,,"[""mint_or_release"",""withdrawal""]",[],,candidate_anomaly,pending,[],1049947188403;1049947188403.0,[],unpaired,[],源 target_times 未能独立确认是实际 UTC 交易时间，timestamp 留空。
TXN-000346,"[""EVT-000042""]",Ethereum,0x724b38c1dca3e6150b71391117b2c0bf1ae1abf18ccbd2ebf03825d0a746046c,,,,,"[""mint_or_release"",""withdrawal""]",[],,candidate_anomaly,pending,[],3001000000000;3001000000000.0,[],unpaired,[],源 target_times 未能独立确认是实际 UTC 交易时间，timestamp 留空。
TXN-000347,"[""EVT-000042""]",Ethereum,0x7266d959977ee1dc7dcb291de9f47b61cd7bbefc40a6cabe037b8447b0e1ee38,,,,,"[""mint_or_release"",""withdrawal""]",[],,candidate_anomaly,pending,[],202440725413;202440725413.0,[],unpaired,[],源 target_times 未能独立确认是实际 UTC 交易时间，timestamp 留空。
TXN-000348,"[""EVT-000042""]",Ethereum,0x72ca82000db06e3c8f3672b6d53d375df2f0e7245948ff2ead061d2a23b39a06,,,,,"[""mint_or_release"",""withdrawal""]",[],,candidate_anomaly,pending,[],202440725413;202440725413.0,[],unpaired,[],源 target_times 未能独立确认是实际 UTC 交易时间，timestamp 留空。
TXN-000349,"[""EVT-000042""]",Ethereum,0x73360a8fa7a4882ad5f4f836eb61a362330702827ae117344e796ff380138971,,,,,"[""process_release"",""withdraw""]","[""M1_control_plane"",""Off-chain""]",,candidate_anomaly,pending,[],,[],unpaired,[],源 target_times 未能独立确认是实际 UTC 交易时间，timestamp 留空。
TXN-000350,"[""EVT-000042""]",Ethereum,0x73ae1f3a7f81d140e2101058f539e012b5ce6b3210993af50a34e9a76d5413e9,,,,,"[""message-processing"",""mint_or_release"",""secondary"",""withdrawal""]","[""Zero-root proof bypass let the Replica process an unauthorized message and release bridge assets""]",,candidate_anomaly,pending,[],300000000;300000000.0,[],unpaired,"[""https://etherscan.io/tx/0x73ae1f3a7f81d140e2101058f539e012b5ce6b3210993af50a34e9a76d5413e9"",""https://github.com/nomad-xyz/hack-data/blob/main/analysis/hack/transaction_hashes.json"",""https://www.coinbase.com/en-gb/blog/nomad-bridge-incident-analysis""]",源 target_times 未能独立确认是实际 UTC 交易时间，timestamp 留空。
TXN-000351,"[""EVT-000042""]",Ethereum,0x748d0c65259a7196667f9696b927389788a250869007cee118fb4f115929f880,,,,,"[""process_release"",""withdraw""]","[""M1_control_plane"",""Off-chain""]",,candidate_anomaly,pending,[],,[],unpaired,[],源 target_times 未能独立确认是实际 UTC 交易时间，timestamp 留空。
TXN-000352,"[""EVT-000042""]",Ethereum,0x755d937557e026f2dd348495ee94f8b0a324f8d7a67981b6b6374c4716e5be71,,,,,"[""mint_or_release"",""withdrawal""]",[],,candidate_anomaly,pending,[],3001000000000;3001000000000.0,[],unpaired,[],源 target_times 未能独立确认是实际 UTC 交易时间，timestamp 留空。
TXN-000353,"[""EVT-000042""]",Ethereum,0x75c09263eda1a2d4a0ffb99d6833f49015c35833b6bcb4d112efe2e286355b34,,,,,"[""mint_or_release"",""withdrawal""]",[],,candidate_anomaly,pending,[],202440725413;202440725413.0,[],unpaired,[],源 target_times 未能独立确认是实际 UTC 交易时间，timestamp 留空。
TXN-000354,"[""EVT-000039""]",Ethereum,0x75eeae4776e453d2b43ce130007820d70898bcd4bd6f2216643bc90847a41f9c,,,,,"[""bridge_multisig_execution"",""destination-side"",""secondary""]","[""Compromised validator keys satisfied the 2-of-5 multisig and executed an unauthorized bridge withdrawal.""]",,candidate_anomaly,pending,[],,[],unpaired,"[""https://etherscan.io/tx/0x75eeae4776e453d2b43ce130007820d70898bcd4bd6f2216643bc90847a41f9c"",""https://medium.com/harmony-one/harmonys-horizon-bridge-hack-1e8d283b6d66"",""https://www.merklescience.com/blog/hack-track-analysis-of-harmonys-horizon-bridge-exploit""]",源 target_times 未能独立确认是实际 UTC 交易时间，timestamp 留空。
TXN-000355,"[""EVT-000185""]",Ethereum,0x762881b07feb63c436dee38edd4ff1f7a74c33091e534af56c9f7d49b5ecac15,,,,,"[""attack_seed""]",[],,candidate_anomaly,pending,[],,[],unpaired,"[""https://slowmist.medium.com/introduction-ca09c9b32b1b""]",
TXN-000356,"[""EVT-000042""]",Ethereum,0x763e74d6361bb2103ffc1a76e431026a5bd21186226b2401903ffdb58704c6cd,,,,,"[""message-processing"",""mint_or_release"",""secondary"",""withdrawal""]","[""Zero-root proof bypass enabled processing of an unauthorized/copycat bridge message and direct asset release""]",,candidate_anomaly,pending,[],200000000000000000000;2e+20,[],unpaired,"[""https://etherscan.io/tx/0x763e74d6361bb2103ffc1a76e431026a5bd21186226b2401903ffdb58704c6cd"",""https://github.com/nomad-xyz/hack-data/blob/main/analysis/hack/transaction_hashes.json""]",源 target_times 未能独立确认是实际 UTC 交易时间，timestamp 留空。
TXN-000357,"[""EVT-000012""]",Ethereum,0x7643893ee149277fe6dc08881f329ac03cbd012719dfd40907a2570211949166,,,,,"[""withdraw""]","[""Off-chain""]",,candidate_anomaly,pending,[],,[],unpaired,[],
TXN-000358,"[""EVT-000010""]",Ethereum,0x774ba93e6fd05ff8e7ca2eab813b9e7cd830203e36eef3b558aa7f32144e47a6,,,,,"[""lock"",""withdraw""]","[""Fake Deposit Event"",""Missing check for important fields""]",,candidate_anomaly,pending,[],,[],unpaired,[],
TXN-000359,"[""EVT-000042""]",Ethereum,0x779e7407ac6658bade8683189a2f7247e5d231e0645c6c7558432a0f15d5cfe0,,,,,"[""mint_or_release"",""withdrawal""]",[],,candidate_anomaly,pending,[],1049947188403;1049947188403.0,[],unpaired,[],源 target_times 未能独立确认是实际 UTC 交易时间，timestamp 留空。
TXN-000360,"[""EVT-000147""]",Ethereum,0x78028bf177d20b5ecd0ed1eb7e517ee8d4d2404f1d854ba599b89d6a98d0396d,,,,,"[""Fund Transfer/Laundering""]","[""Abnormal Asset Transfer""]",,associated,pending,[],65450.22,[],unpaired,"[""https://forum.scrt.network/t/security-incident-axelar-secret-ibc-bridge-exploit-june-10-2026/7995"",""https://hacked.slowmist.io/?c=Bridge""]",
TXN-000361,"[""EVT-000039""]",Ethereum,0x7878b36d884d3803406336507cb013962f747bc3b701e076e72dd75dd0628851,,,,,[],[],,excluded,pending,[],,[],unpaired,"[""https://etherscan.io/tx/0x7878b36d884d3803406336507cb013962f747bc3b701e076e72dd75dd0628851""]",
TXN-000362,"[""EVT-000007""]",Ethereum,0x78cd7021ac99027c464c4464ca7e1b57d1827e3959b10700e6e080661a40c779,,,,,"[""deposit"",""lock"",""secondary"",""source-side""]","[""Attack contract emitted fake ETH deposits that Bifrost credited although value was diverted back to the attacker."",""Fake Lock Event"",""Insecure call permission"",""M5_source_authenticity""]",,candidate_anomaly,pending,[],,[],unpaired,"[""https://etherscan.io/tx/0x78cd7021ac99027c464c4464ca7e1b57d1827e3959b10700e6e080661a40c779"",""https://github.com/Xscope-Tool/Results#thorchain--2"",""https://medium.com/thorchain/post-mortem-eth-router-exploits-1-2-and-premature-return-to-trading-incident-2908928c5fb""]",源 target_times 未能独立确认是实际 UTC 交易时间，timestamp 留空。
TXN-000363,"[""EVT-000042""]",Ethereum,0x78dab9f4e5f1938be0201f29b6932cd86b98a26d3a1c522d17008cce1a56098e,,,,,"[""mint_or_release"",""withdrawal""]",[],,candidate_anomaly,pending,[],100;100.0,[],unpaired,[],源 target_times 未能独立确认是实际 UTC 交易时间，timestamp 留空。
TXN-000364,"[""EVT-000147""]",Ethereum,0x7923522c7d06375ed7ab96931d9bd6dbe562634bc4563843a45c0d1d74e8fad0,,,,,"[""Fund Transfer/Laundering""]","[""Abnormal Asset Transfer""]",,associated,pending,[],80,[],unpaired,"[""https://forum.scrt.network/t/security-incident-axelar-secret-ibc-bridge-exploit-june-10-2026/7995"",""https://hacked.slowmist.io/?c=Bridge""]",
TXN-000365,"[""EVT-000042""]",Ethereum,0x792f51176d6e302ad4c65ac6091663007b864a2c149edc74cd61ee6d7a33e5fa,,,,,"[""mint_or_release"",""withdrawal""]",[],,candidate_anomaly,pending,[],202440725413;202440725413.0,[],unpaired,[],源 target_times 未能独立确认是实际 UTC 交易时间，timestamp 留空。
TXN-000366,"[""EVT-000004""]",Ethereum,0x794418c29ba4379bc918e84e9c7e1c6ee3f5cbe1abf15117a7f70d014ae15fc5,,,,,"[""Withdraw"",""signed_receive""]","[""M6_target_release"",""Withdraw""]",,candidate_anomaly,pending,[],,[],unpaired,[],源 target_times 未能独立确认是实际 UTC 交易时间，timestamp 留空。
TXN-000367,"[""EVT-000042""]",Ethereum,0x7a8048ad1ccb72ac9af26e952680b0cb8ad7c5fd830151535a0f9a01920681eb,,,,,"[""mint_or_release"",""withdrawal""]",[],,candidate_anomaly,pending,[],202440725413;202440725413.0,[],unpaired,[],源 target_times 未能独立确认是实际 UTC 交易时间，timestamp 留空。
TXN-000368,"[""EVT-000013""]",Ethereum,0x7b6009ea08c868d7c5c336bf1bc30c33b87a0eedd59dac8c26e6a8551b20b68a,,,,,"[""attack_or_exploit_tx"",""attack_seed""]","[""Poly Network REKT""]",,candidate_anomaly,pending,[],,[],unpaired,"[""https://rekt.news/poly-network-rekt2/""]",
TXN-000369,"[""EVT-000042""]",Ethereum,0x7b901108136067d142c6d4431f992c57fd51341eaac58fdf90de9400de573843,,,,,"[""process_release"",""withdraw"",""withdrawal""]","[""M1_control_plane"",""Off-chain""]",,candidate_anomaly,pending,[],1049947188403;1049947188403.0,[],unpaired,[],源 target_times 未能独立确认是实际 UTC 交易时间，timestamp 留空。
TXN-000370,"[""EVT-000003""]",Ethereum,0x7cf72852118597e6ff65226a17eae5a078b6de7af791a6324906d9d456f2b1b6,,,,,"[""deposit"",""lock"",""secondary""]","[""Fake Deposit Event"",""M5_source_authenticity"",""Missing check for important fields""]",,candidate_anomaly,pending,[],,[],unpaired,"[""https://blog.thorchain.org/eth-parsing-error-and-exploit"",""https://etherscan.io/tx/0x7cf72852118597e6ff65226a17eae5a078b6de7af791a6324906d9d456f2b1b6"",""https://slowmist.medium.com/slowmist-analysis-of-three-consecutive-attacks-on-thorchain-6223f1c691be""]",源 target_times 未能独立确认是实际 UTC 交易时间，timestamp 留空。
TXN-000371,"[""EVT-000004""]",Ethereum,0x7d1c37706c251dfc53f59cda9d229f916c7f516829215c8870bc8d2cb600cb99,,,,,"[""Withdraw"",""signed_receive""]","[""M6_target_release"",""Withdraw""]",,candidate_anomaly,pending,[],,[],unpaired,[],源 target_times 未能独立确认是实际 UTC 交易时间，timestamp 留空。
TXN-000372,"[""EVT-000004""]",Ethereum,0x7da4a82dd43d5fb82472e412ac641971ef1a063e3579150e122200908f871c15,,,,,"[""Withdraw"",""signed_receive""]","[""M6_target_release"",""Withdraw""]",,candidate_anomaly,pending,[],,[],unpaired,[],源 target_times 未能独立确认是实际 UTC 交易时间，timestamp 留空。
TXN-000373,"[""EVT-000042""]",Ethereum,0x7db5e5f962347376521f4c7a1dcf0605c7bee2a2fce4106fca44becc3b280304,,,,,"[""message-processing"",""mint_or_release"",""secondary"",""withdrawal""]","[""Zero-root proof bypass enabled an attacker helper to process an unauthorized bridge message and release assets atomically""]",,candidate_anomaly,pending,[],300000000;300000000.0,[],unpaired,"[""https://etherscan.io/tx/0x7db5e5f962347376521f4c7a1dcf0605c7bee2a2fce4106fca44becc3b280304"",""https://github.com/nomad-xyz/hack-data/blob/main/analysis/hack/transaction_hashes.json"",""https://www.coinbase.com/en-gb/blog/nomad-bridge-incident-analysis""]",源 target_times 未能独立确认是实际 UTC 交易时间，timestamp 留空。
TXN-000374,"[""EVT-000042""]",Ethereum,0x7e10d1536e4d5f3bf488dfb8c6e15de21ed39cae09619067ee47f35a4dacdb02,,,,,"[""mint_or_release"",""withdrawal""]",[],,candidate_anomaly,pending,[],1.21387701073e+23;121387701073000000000000,[],unpaired,[],源 target_times 未能独立确认是实际 UTC 交易时间，timestamp 留空。
TXN-000375,"[""EVT-000022""]",Ethereum,0x7f537463d055f32b49050a7e2179461666a9494deb7045d7825d72c210168298,,,,,[],[],,excluded,pending,[],,[],unpaired,"[""https://etherscan.io/tx/0x7f537463d055f32b49050a7e2179461666a9494deb7045d7825d72c210168298""]",
TXN-000376,"[""EVT-000042""]",Ethereum,0x811a54270e38154c30e65bdb8ee484883f5a9659dd16f1a335f9ff8f7eee342f,,,,,"[""mint_or_release"",""withdrawal""]",[],,candidate_anomaly,pending,[],200000000000000000000;2e+20,[],unpaired,[],源 target_times 未能独立确认是实际 UTC 交易时间，timestamp 留空。
TXN-000377,"[""EVT-000007""]",Ethereum,0x82222fbbb2621493221e6af6895cab9b27dc9efc2d8a55c9242df22f99992327,,,,,"[""deposit"",""lock"",""secondary"",""source-side""]","[""Attack contract emitted fake ETH deposits that Bifrost credited although value was diverted back to the attacker."",""Fake Lock Event"",""Insecure call permission"",""M5_source_authenticity""]",,candidate_anomaly,pending,[],,[],unpaired,"[""https://etherscan.io/tx/0x82222fbbb2621493221e6af6895cab9b27dc9efc2d8a55c9242df22f99992327"",""https://github.com/Xscope-Tool/Results#thorchain--2"",""https://medium.com/thorchain/post-mortem-eth-router-exploits-1-2-and-premature-return-to-trading-incident-2908928c5fb""]",源 target_times 未能独立确认是实际 UTC 交易时间，timestamp 留空。
TXN-000378,"[""EVT-000147""]",Ethereum,0x83d12ae5bd45a35a59604fc4c9d9eeafe11980db8096cb6a340b153d307216f0,,,,,"[""Fund Transfer/Laundering""]","[""Abnormal Asset Transfer""]",,associated,pending,[],90,[],unpaired,"[""https://forum.scrt.network/t/security-incident-axelar-secret-ibc-bridge-exploit-june-10-2026/7995"",""https://hacked.slowmist.io/?c=Bridge""]",
TXN-000379,"[""EVT-000042""]",Ethereum,0x84566b22a1389888f287be27b7cc073e25e9087133d29e1752e3d0ab16ce03ec,,,,,"[""mint_or_release"",""withdrawal""]",[],,candidate_anomaly,pending,[],202440725413;202440725413.0,[],unpaired,[],源 target_times 未能独立确认是实际 UTC 交易时间，timestamp 留空。
TXN-000380,"[""EVT-000042""]",Ethereum,0x846ec2dc63cf697ebec65ba035e8e18370ed786ebff3f2d1f5c04ad9ac9a6d61,,,,,"[""mint_or_release"",""withdrawal""]",[],,candidate_anomaly,pending,[],202440725413;202440725413.0,[],unpaired,[],源 target_times 未能独立确认是实际 UTC 交易时间，timestamp 留空。
TXN-000381,"[""EVT-000007""]",Ethereum,0x846fe82570ed32c252adaa13fa8eb37e89aca03c03ea1ac413f7c4eb109d1489,,,,,"[""deposit"",""lock""]","[""Fake Lock Event"",""Insecure call permission"",""M5_source_authenticity""]",,candidate_anomaly,pending,[],,[],unpaired,[],源 target_times 未能独立确认是实际 UTC 交易时间，timestamp 留空。
TXN-000382,"[""EVT-000042""]",Ethereum,0x8472b4e0fda16b83ea19b01e4a8239850400ec60d40f5b9a29b0b0f93d07e49b,,,,,"[""mint_or_release"",""withdrawal""]",[],,candidate_anomaly,pending,[],1049947188403;1049947188403.0,[],unpaired,[],源 target_times 未能独立确认是实际 UTC 交易时间，timestamp 留空。
TXN-000383,"[""EVT-000004""]",Ethereum,0x84fbc2dd7d2c4360e2456391e992196cb8cc43a3e3ca13f629fc0bbb13e0c89b,,,,,"[""Withdraw"",""signed_receive""]","[""M6_target_release"",""Withdraw""]",,candidate_anomaly,pending,[],,[],unpaired,[],源 target_times 未能独立确认是实际 UTC 交易时间，timestamp 留空。
TXN-000384,"[""EVT-000004""]",Ethereum,0x850d416e368a7ada961fc8956f1884030eb5dba26066b6b3d925f4b6a203cd79,,,,,"[""Withdraw"",""signed_receive""]","[""M6_target_release"",""Withdraw""]",,candidate_anomaly,pending,[],,[],unpaired,[],源 target_times 未能独立确认是实际 UTC 交易时间，timestamp 留空。
TXN-000385,"[""EVT-000010""]",Ethereum,0x8515ce6b174ba31a849ff420650720d42cc4c72d4929adf856343e7395bd2512,,,,,"[""lock"",""withdraw""]","[""Fake Deposit Event"",""Missing check for important fields""]",,candidate_anomaly,pending,[],,[],unpaired,[],
TXN-000386,"[""EVT-000190""]",Ethereum,0x855dd3b1194e3b889f4667b6a0996220e350e034d35d3eab29b4f23bc205767e,,,,,"[""upgrade_or_config_tx""]",[],,candidate_anomaly,pending,[],,[],unpaired,"[""https://rekt.news/roninnetwork-rektII""]",
TXN-000387,"[""EVT-000007""]",Ethereum,0x85bf4fed11cca5dec6db7fa89f11b484a79dbe32263ab544c42cdbb1224960c7,,,,,"[""transfer_out"",""withdraw""]","[""Fake Lock Event"",""M5_source_authenticity""]",,candidate_anomaly,pending,[],,[],unpaired,[],源 target_times 未能独立确认是实际 UTC 交易时间，timestamp 留空。
TXN-000388,"[""EVT-000076""]",Ethereum,0x862586eda8b6f7dd68aadcac413f3f8eddb3545630baed35afa33e138576dd62,,,,,[],[],,excluded,pending,[],,[],unpaired,[],
TXN-000389,"[""EVT-000042""]",Ethereum,0x867b8e81060bf9b06655c9bb020880797fd2588ef6476c45aff3c9bac24da29a,,,,,"[""mint_or_release"",""withdrawal""]",[],,candidate_anomaly,pending,[],1049947188403;1049947188403.0,[],unpaired,[],源 target_times 未能独立确认是实际 UTC 交易时间，timestamp 留空。
TXN-000390,"[""EVT-000022""]",Ethereum,0x86eae37600d7a74433b0aed6cd9c3d0dd7147c01287a93f09b0178cdec5e1130,,,,,"[""lock"",""source_deposit""]","[""Fake Lock Event"",""M5_source_authenticity"",""Unrealized fallback logic""]",,candidate_anomaly,pending,[],,[],unpaired,[],源 target_times 未能独立确认是实际 UTC 交易时间，timestamp 留空。
TXN-000391,"[""EVT-000143""]",Ethereum,0x871433af303743d61b3f2a38174e9e6655fdc8937c0689122685509dcabbf066,,,,,"[""Exploitation""]","[""Protocol-state Manipulation""]",,candidate_anomaly,pending,[],未核实,[],unpaired,"[""https://hacked.slowmist.io/?c=Bridge"",""https://www.quillaudits.com/blog/hack-analysis/gravity-bridge-demon-mapping-poisoning""]",
TXN-000392,"[""EVT-000007""]",Ethereum,0x87cc796b3591145a2af8db9dafc115077a10fbccd8a1d7d76db4ee2375748dd3,,,,,"[""deposit"",""lock"",""secondary"",""source-side""]","[""Attack contract emitted fake ETH deposits that Bifrost credited although value was diverted back to the attacker."",""Fake Lock Event"",""Insecure call permission"",""M5_source_authenticity""]",,candidate_anomaly,pending,[],,[],unpaired,"[""https://etherscan.io/tx/0x87cc796b3591145a2af8db9dafc115077a10fbccd8a1d7d76db4ee2375748dd3"",""https://github.com/Xscope-Tool/Results#thorchain--2"",""https://medium.com/thorchain/post-mortem-eth-router-exploits-1-2-and-premature-return-to-trading-incident-2908928c5fb""]",源 target_times 未能独立确认是实际 UTC 交易时间，timestamp 留空。
TXN-000393,"[""EVT-000147""]",Ethereum,0x8803e97a359b217e2b539c6f88c2ca371c2b6e93ad6473d09d0655f617e217e4,,,,,"[""Fund Transfer/Laundering""]","[""Abnormal Asset Transfer""]",,associated,pending,[],100,[],unpaired,"[""https://forum.scrt.network/t/security-incident-axelar-secret-ibc-bridge-exploit-june-10-2026/7995"",""https://hacked.slowmist.io/?c=Bridge""]",
TXN-000394,"[""EVT-000042""]",Ethereum,0x8807ec516e40c46b1de7b10a6387036ae80fdd63f41ae18181d5166fd96d76ac,,,,,"[""mint_or_release"",""withdrawal""]",[],,candidate_anomaly,pending,[],100000000000000000000;1e+20,[],unpaired,[],源 target_times 未能独立确认是实际 UTC 交易时间，timestamp 留空。
TXN-000395,"[""EVT-000147""]",Ethereum,0x887160577084600eb531ae3bdf49e346b2b14f5c5ab3188d88c0b83ede0b64e4,,,,,"[""Fund Transfer/Laundering""]","[""Abnormal Asset Transfer""]",,associated,pending,[],60,[],unpaired,"[""https://forum.scrt.network/t/security-incident-axelar-secret-ibc-bridge-exploit-june-10-2026/7995"",""https://hacked.slowmist.io/?c=Bridge""]",
TXN-000396,"[""EVT-000147""]",Ethereum,0x88a8e4063aa20b94f1fd57b6a0ba5707fe130eb4d8a49e0175264768df791f93,,,,,"[""Fund Transfer/Laundering""]","[""Abnormal Asset Transfer""]",,associated,pending,[],100,[],unpaired,"[""https://forum.scrt.network/t/security-incident-axelar-secret-ibc-bridge-exploit-june-10-2026/7995"",""https://hacked.slowmist.io/?c=Bridge""]",
TXN-000397,"[""EVT-000004""]",Ethereum,0x89fda3f27b39335d25387cee6abcea8a20a0a836000ffdf6539d1ec53a24b22b,,,,,"[""Withdraw"",""signed_receive""]","[""M6_target_release"",""Withdraw""]",,candidate_anomaly,pending,[],,[],unpaired,[],源 target_times 未能独立确认是实际 UTC 交易时间，timestamp 留空。
TXN-000398,"[""EVT-000068""]",Ethereum,0x8a07863cd72adc7b425328ee1b9c1ab3a96511d56239216e49b96ac321ba9887,,,,,"[""attack_seed""]",[],,candidate_anomaly,pending,[],,[],unpaired,"[""https://www.chainalysis.com/blog/multichain-exploit-july-2023/""]",
TXN-000399,"[""EVT-000144""]",Ethereum,0x8a719311d4304ea3d1c1235eece0cf9591c2a43864ce8aa70e9ea9443aff6c37,,,,,"[""Asset Extraction""]","[""Abnormal Withdrawal/Release""]",,candidate_anomaly,pending,[],17594.63,[],unpaired,"[""https://alephium.org/news/post/the-alephium-bridge-exploit-on-chain-report/"",""https://hacked.slowmist.io/?c=Bridge&page=2""]",
TXN-000400,"[""EVT-000186""]",Ethereum,0x8ab3c4ad113023db0d88b064fba1bae9fa0462daba3a04544c720c2097d5aa77,,,,,"[""attack_seed""]",[],,candidate_anomaly,pending,[],,[],unpaired,"[""https://de.fi/blog/report-49-billion-lost-in-crypto-in-2022-infographics-a2e83b662196""]",
TXN-000401,"[""EVT-000197""]",Ethereum,0x8b035ef32503e9e67a9a15fa8be56e2bd0e2a3b5c2309614103bbaba6ee810ab,,,,,"[""attack_or_exploit_tx""]","[""Bridge Tracing""]",,candidate_anomaly,pending,[],,[],unpaired,[],
TXN-000402,"[""EVT-000042""]",Ethereum,0x8b9c96bba9ef04571432e3acb2cdeee3c77176fb0769205a6a43de270cb7744c,,,,,"[""mint_or_release"",""withdrawal""]",[],,candidate_anomaly,pending,[],202440725413;202440725413.0,[],unpaired,[],源 target_times 未能独立确认是实际 UTC 交易时间，timestamp 留空。
TXN-000403,"[""EVT-000188""]",Ethereum,0x8bb8dc5c7c830bac85fa48acad2505e9300a91c3ff239c9517d0cae33b595090,,,,,"[""attack_seed""]",[],,candidate_anomaly,pending,[],,[],unpaired,"[""https://peckshield.medium.com/warpfinance-incident-root-cause-analysis-581a4869ee00""]",
TXN-000404,"[""EVT-000042""]",Ethereum,0x8c475bff9d0d2f459a603a34c6cdb0a60406fbb8d46c2abbc165b64d9e5997f2,,,,,"[""message-processing"",""mint_or_release"",""secondary"",""withdrawal""]","[""Zero-root proof bypass enabled a helper call to process an unauthorized bridge message and release assets atomically""]",,candidate_anomaly,pending,[],30000000000;30000000000.0,[],unpaired,"[""https://etherscan.io/tx/0x8c475bff9d0d2f459a603a34c6cdb0a60406fbb8d46c2abbc165b64d9e5997f2"",""https://github.com/nomad-xyz/hack-data/blob/main/analysis/hack/transaction_hashes.json"",""https://www.coinbase.com/en-gb/blog/nomad-bridge-incident-analysis""]",源 target_times 未能独立确认是实际 UTC 交易时间，timestamp 留空。
TXN-000405,"[""EVT-000042""]",Ethereum,0x8c65b2b25be2c929d86f1fb556aa0b981bd54c2ad54d8de63d3876c4c833293e,,,,,"[""mint_or_release"",""withdrawal""]",[],,candidate_anomaly,pending,[],1.21387701073e+23;121387701073000000000000,[],unpaired,[],源 target_times 未能独立确认是实际 UTC 交易时间，timestamp 留空。
TXN-000406,"[""EVT-000147""]",Ethereum,0x8cbc6c5845b57627f3bdb63d85c51d4e9cf4b3b9871c06c2c42c1e77769a767f,,,,,"[""Fund Transfer/Laundering""]","[""Abnormal Asset Transfer""]",,associated,pending,[],90,[],unpaired,"[""https://forum.scrt.network/t/security-incident-axelar-secret-ibc-bridge-exploit-june-10-2026/7995"",""https://hacked.slowmist.io/?c=Bridge""]",
TXN-000407,"[""EVT-000042""]",Ethereum,0x8ce141bfa83dd0f48de412bbe94e866bc6e9eeb3fab1ba1f1e19e719aebeb34d,,,,,"[""message-processing"",""mint_or_release"",""secondary"",""withdrawal""]","[""Zero-root proof bypass enabled processing of an unauthorized/copycat bridge message and direct asset release""]",,candidate_anomaly,pending,[],300000000;300000000.0,[],unpaired,"[""https://etherscan.io/tx/0x8ce141bfa83dd0f48de412bbe94e866bc6e9eeb3fab1ba1f1e19e719aebeb34d"",""https://github.com/nomad-xyz/hack-data/blob/main/analysis/hack/transaction_hashes.json"",""https://www.coinbase.com/en-gb/blog/nomad-bridge-incident-analysis""]",源 target_times 未能独立确认是实际 UTC 交易时间，timestamp 留空。
TXN-000408,"[""EVT-000042""]",Ethereum,0x8d19b6acb5595806f599442fd87776529d1df99eec59cc781fc9eef72ef4dbf5,,,,,"[""mint_or_release"",""withdrawal""]",[],,candidate_anomaly,pending,[],1049947188403;1049947188403.0,[],unpaired,[],源 target_times 未能独立确认是实际 UTC 交易时间，timestamp 留空。
TXN-000409,"[""EVT-000022""]",Ethereum,0x8d2e9fd13c3e3f59eac17ff55bb0a0b10eee965a2e768e60832b1b3d5b80ebfb,,,,,"[""attack_seed""]",[],,candidate_anomaly,pending,[],,[],unpaired,"[""https://etherscan.io/tx/0x8d2e9fd13c3e3f59eac17ff55bb0a0b10eee965a2e768e60832b1b3d5b80ebfb"",""https://rekt.news/qubit-rekt/""]",
TXN-000410,"[""EVT-000068""]",Ethereum,0x8da4d38cf43acb58cd08b6ca7bf56f01d8796ebaa0b042be33758b7070645ff8,,,,,"[""custody-outflow"",""secondary""]","[""Successful direct transfer moved 910654.000000000029884416 UNIDX from the Multichain Fantom-bridge MPC/custody address to fresh recipient 0x9d57...2b68.""]",,candidate_anomaly,pending,[],,[],unpaired,"[""https://etherscan.io/tx/0x8da4d38cf43acb58cd08b6ca7bf56f01d8796ebaa0b042be33758b7070645ff8"",""https://twitter.com/MultichainOrg/status/1677096839731097600"",""https://www.chaincatcher.com/article/2096407""]",源 target_times 未能独立确认是实际 UTC 交易时间，timestamp 留空。
TXN-000411,"[""EVT-000039""]",Ethereum,0x8ecac8544898d2b2d0941b8e39458bf4c8ccda1b668db8f18e947dfc433d6908,,,,,"[""bridge_multisig_execution"",""destination-side"",""secondary""]","[""Compromised validator keys satisfied the 2-of-5 multisig and executed an unauthorized bridge withdrawal.""]",,candidate_anomaly,pending,[],,[],unpaired,"[""https://etherscan.io/tx/0x8ecac8544898d2b2d0941b8e39458bf4c8ccda1b668db8f18e947dfc433d6908"",""https://medium.com/harmony-one/harmonys-horizon-bridge-hack-1e8d283b6d66"",""https://www.merklescience.com/blog/hack-track-analysis-of-harmonys-horizon-bridge-exploit""]",源 target_times 未能独立确认是实际 UTC 交易时间，timestamp 留空。
TXN-000412,"[""EVT-000158""]",Ethereum,0x8f21bd8f0fce72ac959caa93a9923d85f902dfc6eddac2785ac5bc49c3b28d8f,,,,,"[""Exploitation""]","[""Abnormal Message/Proof""]",,candidate_anomaly,pending,[],未核实,[],unpaired,"[""https://hacked.slowmist.io/?c=Bridge"",""https://www.certik.com/blog/verus-incident-analysis""]",
TXN-000413,"[""EVT-000042""]",Ethereum,0x8f2d4ee2f31ad8faac113b9fbba6556098cbb93695169944cd1da38f8d3e7dc3,,,,,"[""mint_or_release"",""withdrawal""]",[],,candidate_anomaly,pending,[],1049947188403;1049947188403.0,[],unpaired,[],源 target_times 未能独立确认是实际 UTC 交易时间，timestamp 留空。
TXN-000414,"[""EVT-000042""]",Ethereum,0x8fe5138245590fbb2ccffdc04d875b5440235f8c7290daa92b795e2d086809c2,,,,,"[""mint_or_release"",""withdrawal""]",[],,candidate_anomaly,pending,[],2.81474976710656e+16;28147497671065600,[],unpaired,[],源 target_times 未能独立确认是实际 UTC 交易时间，timestamp 留空。
TXN-000415,"[""EVT-000007""]",Ethereum,0x8fef62a0837c9e41429de427e7c8692df66004c74cf25cb70127b36df1b44036,,,,,"[""deposit"",""lock""]","[""Fake Lock Event"",""Insecure call permission"",""M5_source_authenticity""]",,candidate_anomaly,pending,[],,[],unpaired,[],源 target_times 未能独立确认是实际 UTC 交易时间，timestamp 留空。
TXN-000416,"[""EVT-000191""]",Ethereum,0x903d88a9253d14d53f97d82fc45ca100385447b02de2b717dfb9700bf30ff680,,,,,"[""attack_seed""]",[],,candidate_anomaly,pending,[],,[],unpaired,"[""https://blog.verichains.io/p/when-the-bridge-is-the-risk""]",
TXN-000417,"[""EVT-000191""]",Ethereum,0x903d88a92cbc0165a7f662305ac1bff97430dbcccaa0fe71e101e18aa9109c92,,,,,"[""withdraw""]","[""Withdraw""]",,candidate_anomaly,pending,[],,[],unpaired,[],
TXN-000418,"[""EVT-000147""]",Ethereum,0x90aafcd4e12a7053e5dbe8999da1a07fd9a97be9e1e937c0008a6e6046332841,,,,,"[""Fund Transfer/Laundering""]","[""Abnormal Asset Transfer""]",,associated,pending,[],90,[],unpaired,"[""https://forum.scrt.network/t/security-incident-axelar-secret-ibc-bridge-exploit-june-10-2026/7995"",""https://hacked.slowmist.io/?c=Bridge""]",
TXN-000419,"[""EVT-000141""]",Ethereum,0x912626e1b5d4ff7d484609d75f7392dc8ca736b4a10f57c7863272b7f89f213e,,,,,"[""Fund Transfer/Laundering""]","[""Abnormal Asset Transfer""]",,associated,pending,[],0.1,[],unpaired,"[""https://hacked.slowmist.io/?c=Bridge&page=2"",""https://ourcryptotalk.com/news/butter-bridge-exploit-mints-1-quadrillion-mapo-tokens""]",
TXN-000420,"[""EVT-000004""]",Ethereum,0x917323775ea403772892d48b144bfc1cd9a198f68e259d0944fdf50e33888cc6,,,,,"[""Withdraw"",""signed_receive""]","[""M6_target_release"",""Withdraw""]",,candidate_anomaly,pending,[],,[],unpaired,[],源 target_times 未能独立确认是实际 UTC 交易时间，timestamp 留空。
TXN-000421,"[""EVT-000007""]",Ethereum,0x91cd37d7e59f2c6a96e002059d03218045eda4e2b487c1e70619162826e57afa,,,,,"[""deposit"",""lock""]","[""Fake Lock Event"",""Insecure call permission"",""M5_source_authenticity""]",,candidate_anomaly,pending,[],,[],unpaired,[],源 target_times 未能独立确认是实际 UTC 交易时间，timestamp 留空。
TXN-000422,"[""EVT-000144""]",Ethereum,0x928e369e6e857c93f237356b201c97ddac31ba777e2a942928272f962c02bc40,,,,,"[""Asset Extraction""]","[""Abnormal Withdrawal/Release""]",,candidate_anomaly,pending,[],200967.31,[],unpaired,"[""https://alephium.org/news/post/the-alephium-bridge-exploit-on-chain-report/"",""https://hacked.slowmist.io/?c=Bridge&page=2""]",
TXN-000423,"[""EVT-000143""]",Ethereum,0x92b2a61d88b3f68d7d3b5cba4a12f53e0c226287702d72de80a60515987e3532,,,,,"[""Exploitation""]","[""Protocol-state Manipulation""]",,candidate_anomaly,pending,[],未核实,[],unpaired,"[""https://hacked.slowmist.io/?c=Bridge"",""https://www.quillaudits.com/blog/hack-analysis/gravity-bridge-demon-mapping-poisoning""]",
TXN-000424,"[""EVT-000003""]",Ethereum,0x92b466c1908571c45b1a4e751550877a46c5f2ecbc308e01242ec6d2013ad88c,,,,,"[""deposit"",""lock""]","[""Fake Deposit Event"",""M5_source_authenticity"",""Missing check for important fields""]",,candidate_anomaly,pending,[],,[],unpaired,[],源 target_times 未能独立确认是实际 UTC 交易时间，timestamp 留空。
TXN-000425,"[""EVT-000042""]",Ethereum,0x9310639f61bb86b372b0d3cecf33151b41c11b6e2efb56246d9ca8505a1eb35f,,,,,"[""message-processing"",""mint_or_release"",""secondary"",""withdrawal""]","[""Zero-root proof bypass enabled a batch/helper call to process an unauthorized bridge message and release assets atomically""]",,candidate_anomaly,pending,[],200000000000000000000;2e+20,[],unpaired,"[""https://etherscan.io/tx/0x9310639f61bb86b372b0d3cecf33151b41c11b6e2efb56246d9ca8505a1eb35f"",""https://github.com/nomad-xyz/hack-data/blob/main/analysis/hack/transaction_hashes.json""]",源 target_times 未能独立确认是实际 UTC 交易时间，timestamp 留空。
TXN-000426,"[""EVT-000022""]",Ethereum,0x940315691510a8f6b2690d3df4608ae1dd710c665bc76e40954fa8092a5fc541,,,,,"[""attack_seed"",""lock"",""source_deposit""]","[""Fake Lock Event"",""M5_source_authenticity"",""Unrealized fallback logic""]",,candidate_anomaly,pending,[],,[],unpaired,"[""https://qbt.wiki/en/incident/technical-analysis/""]",源 target_times 未能独立确认是实际 UTC 交易时间，timestamp 留空。
TXN-000427,"[""EVT-000042""]",Ethereum,0x94359bd3f0fc4cd53b96054a23b05f531e127fa6cca644dfc870851af5e0e3dc,,,,,"[""mint_or_release"",""withdrawal""]",[],,candidate_anomaly,pending,[],202440725413;202440725413.0,[],unpaired,[],源 target_times 未能独立确认是实际 UTC 交易时间，timestamp 留空。
TXN-000428,"[""EVT-000042""]",Ethereum,0x94be909f16eda422014ee75ab594e86400ef1a87a8af9570911035e49bdf1b18,,,,,"[""mint_or_release"",""withdrawal""]",[],,candidate_anomaly,pending,[],2000000000000000000000;2e+21,[],unpaired,[],源 target_times 未能独立确认是实际 UTC 交易时间，timestamp 留空。
TXN-000429,"[""EVT-000068""]",Ethereum,0x94db6187a72ebb718dd4a0cf2eaa5e233ecb08009cd1f74731a668e2066a84a5,,,,,"[""custody-outflow"",""secondary""]","[""Successful direct transfer moved 1296990.999999999897501696 ICE from the Multichain Fantom-bridge MPC/custody address to fresh recipient 0x9d57...2b68.""]",,candidate_anomaly,pending,[],,[],unpaired,"[""https://etherscan.io/tx/0x94db6187a72ebb718dd4a0cf2eaa5e233ecb08009cd1f74731a668e2066a84a5"",""https://twitter.com/MultichainOrg/status/1677096839731097600"",""https://www.chaincatcher.com/article/2096407""]",源 target_times 未能独立确认是实际 UTC 交易时间，timestamp 留空。
TXN-000430,"[""EVT-000183""]",Ethereum,0x951babdddbfbbba81bbbb7991a959d9815e80cc5d9418d10e692f41541029869,,,,,"[""attack_or_exploit_tx""]",[],,candidate_anomaly,pending,[],,[],unpaired,"[""https://rekt.news/badger-rekt/""]",
TXN-000431,"[""EVT-000184""]",Ethereum,0x9575e478d7c542558ecca52b27072fa1f1ec70679106bdbd62f3bb4d6c87a80d,,,,,"[""attack_seed""]",[],,candidate_anomaly,pending,[],,[],unpaired,"[""https://medium.com/@nvy_0x/the-beanstalk-bean-exploit-b038f4d324ea""]",
TXN-000432,"[""EVT-000079""]",Ethereum,0x958aeec58ea2f0f9700adda24e43fb76f9e052e4c20773f180c49d7529d95f16,,,,,"[""destination-side"",""primary""]","[""A withdrawal submitted through Orbit's validator-authorized path was accepted and directly released vault assets"",""the precise root cause remains disputed between third-party key-compromise hypotheses and Orbit's later statement""]",,candidate_anomaly,pending,[],,[],unpaired,"[""https://blog.solidityscan.com/orbit-chain-hack-analysis-b71c36a54a69/"",""https://etherscan.io/tx/0x958aeec58ea2f0f9700adda24e43fb76f9e052e4c20773f180c49d7529d95f16"",""https://t.me/s/OrbitChainChannel/950""]",源 target_times 未能独立确认是实际 UTC 交易时间，timestamp 留空。
TXN-000433,"[""EVT-000042""]",Ethereum,0x9605ad11e302e2c0916599917f6841e8c64f713dc5ee1df592f9b84c89e2827b,,,,,"[""mint_or_release"",""withdrawal""]",[],,candidate_anomaly,pending,[],202440725413;202440725413.0,[],unpaired,[],源 target_times 未能独立确认是实际 UTC 交易时间，timestamp 留空。
TXN-000434,"[""EVT-000004""]",Ethereum,0x9632fb933536bdced37a610edfd9244ef52f1b19ff28ead5b62976a3fb067784,,,,,"[""Withdraw"",""signed_receive""]","[""M6_target_release"",""Withdraw""]",,candidate_anomaly,pending,[],,[],unpaired,[],源 target_times 未能独立确认是实际 UTC 交易时间，timestamp 留空。
TXN-000435,"[""EVT-000003""]",Ethereum,0x966cb083d116da2e0d1d115a99381db2200bd39ff75d38cfacdc17b1368f1159,,,,,"[""deposit"",""lock"",""primary"",""source-side""]","[""An ERC-20 with an ETH-like symbol was initialized/misparsed as ETH.ETH even though the Ethereum transaction transferred zero ETH"",""Fake Deposit Event"",""M5_source_authenticity"",""Missing check for important fields""]",,candidate_anomaly,pending,[],,[],unpaired,"[""https://blog.thorchain.org/eth-parsing-error-and-exploit"",""https://etherscan.io/tx/0x966cb083d116da2e0d1d115a99381db2200bd39ff75d38cfacdc17b1368f1159"",""https://slowmist.medium.com/slowmist-analysis-of-three-consecutive-attacks-on-thorchain-6223f1c691be""]",源 target_times 未能独立确认是实际 UTC 交易时间，timestamp 留空。
TXN-000436,"[""EVT-000042""]",Ethereum,0x96a2cfadb19cac9ba2a21c1f32b6f21b6132afe1b4f4698dee563ca01ec20e01,,,,,"[""mint_or_release"",""withdrawal""]",[],,candidate_anomaly,pending,[],202440725413;202440725413.0,[],unpaired,[],源 target_times 未能独立确认是实际 UTC 交易时间，timestamp 留空。
TXN-000437,"[""EVT-000076""]",Ethereum,0x98b44a9d405fc6acaadfbb6e263d5d9ab2158e32e4f6669696c62cec4fb5a375,,,,,"[""custody-outflow"",""secondary"",""unauthorized_bridge_operator_withdrawal""]","[""Compromise or misuse of the privileged HECO bridge operator key.""]",,candidate_anomaly,pending,[],,[],unpaired,"[""https://etherscan.io/tx/0x98b44a9d405fc6acaadfbb6e263d5d9ab2158e32e4f6669696c62cec4fb5a375"",""https://www.certik.com/blog/heco-bridge-exploit"",""https://www.htx.com/zh-cn/support/104954980569005""]",源 target_times 未能独立确认是实际 UTC 交易时间，timestamp 留空。
TXN-000438,"[""EVT-000042""]",Ethereum,0x98c897c13d6db69128c8bcc17f0a390014904a5e8cf838dae65c53f0eba86257,,,,,"[""process_release"",""withdraw""]","[""M1_control_plane"",""Off-chain""]",,candidate_anomaly,pending,[],,[],unpaired,[],源 target_times 未能独立确认是实际 UTC 交易时间，timestamp 留空。
TXN-000439,"[""EVT-000196""]",Ethereum,0x99d8dfd159e678135634bf3e1c7d7f6af1db3fc87f90bcce675a2e4dbd491eda,,,,,[],[],,candidate_anomaly,pending,[],,[],unpaired,"[""https://rekt.news/ronin-rekt""]",
TXN-000440,"[""EVT-000003""]",Ethereum,0x99f95561c60471f1a07a8dec48d8d4f1f26cf82658d2c11645c515ee57c052b6,,,,,"[""attack_seed"",""deposit"",""lock""]","[""Fake Deposit Event"",""M5_source_authenticity""]",,candidate_anomaly,pending,[],,[],unpaired,"[""https://cdn.arenafi.org/papers/arxiv/2410.14493.pdf""]",源 target_times 未能独立确认是实际 UTC 交易时间，timestamp 留空。
TXN-000441,"[""EVT-000201""]",Ethereum,0x9a97d85642f956ad7a6b852cf7bed6f9669e2c2815f3279855acf7f1328e7d46,,,,,"[""lock""]","[""Insecure call permission""]",,candidate_anomaly,pending,[],,[],unpaired,[],
TXN-000442,"[""EVT-000025""]",Ethereum,0x9acb2b580aba4f5be75366255800df5f62ede576619cb5ce638cedc61273a50f,,,,,[],[],,candidate_anomaly,pending,[],,[],unpaired,"[""https://immunefi.com/blog/bug-fix-reviews/wormhole-uninitialized-proxy-bugfix-review/""]",
TXN-000443,"[""EVT-000004""]",Ethereum,0x9ad8c2d7fb5d6db48c680158ddd56bb6f4e7881dc368acb0a5a14f6a0b827021,,,,,"[""Withdraw"",""signed_receive""]","[""M6_target_release"",""Withdraw""]",,candidate_anomaly,pending,[],,[],unpaired,[],源 target_times 未能独立确认是实际 UTC 交易时间，timestamp 留空。
TXN-000444,"[""EVT-000042""]",Ethereum,0x9bab3beb8f9c9cd2318462c5abec17cb63fa24182a110d2c33f3a28a23a9990a,,,,,"[""mint_or_release"",""withdrawal""]",[],,candidate_anomaly,pending,[],202440725413;202440725413.0,[],unpaired,[],源 target_times 未能独立确认是实际 UTC 交易时间，timestamp 留空。
TXN-000445,"[""EVT-000007""]",Ethereum,0x9bce82d88d9bf3f505735effd6006069214dc17414ef261bcb5595a861008f30,,,,,"[""deposit"",""lock""]","[""Fake Lock Event"",""Insecure call permission"",""M5_source_authenticity""]",,candidate_anomaly,pending,[],,[],unpaired,[],源 target_times 未能独立确认是实际 UTC 交易时间，timestamp 留空。
TXN-000446,"[""EVT-000068""]",Ethereum,0x9ca00094e9144da26d1b3f9e1e547737b96684810342f6bdc4383b1d7ab0139b,,,,,"[""custody-outflow"",""secondary""]","[""Successful direct transfer moved 491656.999999999991349248 LINK from the Multichain Fantom-bridge MPC/custody address to fresh recipient 0x9d57...2b68.""]",,candidate_anomaly,pending,[],,[],unpaired,"[""https://etherscan.io/tx/0x9ca00094e9144da26d1b3f9e1e547737b96684810342f6bdc4383b1d7ab0139b"",""https://twitter.com/MultichainOrg/status/1677096839731097600"",""https://www.chaincatcher.com/article/2096407""]",源 target_times 未能独立确认是实际 UTC 交易时间，timestamp 留空。
TXN-000447,"[""EVT-000022""]",Ethereum,0x9cf9e457aade4a0421eb188cfb5d17694c614c139b1fa0122930d5df27228349,,,,,"[""attack_seed"",""lock"",""source_deposit""]","[""Fake Lock Event"",""M5_source_authenticity"",""Unrealized fallback logic""]",,candidate_anomaly,pending,[],,[],unpaired,"[""https://medium.com/@QubitFin/protocol-exploit-report-305c34540fa3""]",源 target_times 未能独立确认是实际 UTC 交易时间，timestamp 留空。
TXN-000448,"[""EVT-000007""]",Ethereum,0x9d60d243c01c735e2db88c044e77142d5d1d6d3cb21a0bd16f496a6a2327c70b,,,,,"[""deposit"",""lock""]","[""Fake Lock Event"",""Insecure call permission"",""M5_source_authenticity""]",,candidate_anomaly,pending,[],,[],unpaired,[],源 target_times 未能独立确认是实际 UTC 交易时间，timestamp 留空。
TXN-000449,"[""EVT-000042""]",Ethereum,0x9d938be810998e5ab88bf59d165cb89b4b2257871d61555c3e949de0118cb424,,,,,"[""mint_or_release"",""withdrawal""]",[],,candidate_anomaly,pending,[],202440725413;202440725413.0,[],unpaired,[],源 target_times 未能独立确认是实际 UTC 交易时间，timestamp 留空。
TXN-000450,"[""EVT-000121""]",Ethereum,0x9ec2ee6a8e3ec720e58a0bd2b048cd5450ab51ec26d989475a15166e2c6992e9,,,,,"[""attack_or_exploit_tx""]","[""CrossCurve Bridge Hack Axelar expressExecute""]",,candidate_anomaly,pending,[],,[],unpaired,[],
TXN-000451,"[""EVT-000042""]",Ethereum,0x9f0f033fd60fde031a59371e7760067c92efb359cbfef6403e3f57eabfa39372,,,,,"[""mint_or_release"",""withdrawal""]",[],,candidate_anomaly,pending,[],1049947188403;1049947188403.0,[],unpaired,[],源 target_times 未能独立确认是实际 UTC 交易时间，timestamp 留空。
TXN-000452,"[""EVT-000042""]",Ethereum,0xa002f38643000af5b366b4f3e76c64f9cd7b6ce31ab6f5989fead558775dfb40,,,,,"[""mint_or_release"",""withdrawal""]",[],,candidate_anomaly,pending,[],3.2745437196e+22;32745437196000000000000,[],unpaired,[],源 target_times 未能独立确认是实际 UTC 交易时间，timestamp 留空。
TXN-000453,"[""EVT-000189""]",Ethereum,0xa0b32ee67d572df80a10c439d395a9907492d6ef62cbf53be66b3145cf479ab6,,,,,"[""attack_or_exploit_tx""]","[""Hacken REKT Bridge Key Compromise""]",,candidate_anomaly,pending,[],,[],unpaired,[],
TXN-000454,"[""EVT-000042""]",Ethereum,0xa10ecd2689857046f4adc7c61fc62ed691a0d16cfc03d76cc5bdca2315f7cc6e,,,,,"[""mint_or_release"",""withdrawal""]",[],,candidate_anomaly,pending,[],202440725413;202440725413.0,[],unpaired,[],源 target_times 未能独立确认是实际 UTC 交易时间，timestamp 留空。
TXN-000455,"[""EVT-000158""]",Ethereum,0xa1f1e65c1cea4dba4ae439cd4dcdba6cc2dbda0ed1228e61f29ae9c9324eb099,,,,,"[""Asset Extraction""]","[""Abnormal Withdrawal/Release""]",,candidate_anomaly,pending,[],未核实,[],unpaired,"[""https://hacked.slowmist.io/?c=Bridge"",""https://www.certik.com/blog/verus-incident-analysis""]",
TXN-000456,"[""EVT-000147""]",Ethereum,0xa206fa2dbf7c84237afe86cbc75fdbd18482ff3eaf93a838b5a516dacb702183,,,,,"[""Fund Transfer/Laundering""]","[""Abnormal Asset Transfer""]",,associated,pending,[],50,[],unpaired,"[""https://forum.scrt.network/t/security-incident-axelar-secret-ibc-bridge-exploit-june-10-2026/7995"",""https://hacked.slowmist.io/?c=Bridge""]",
TXN-000457,"[""EVT-000042""]",Ethereum,0xa27880cfc47b8bce27fa5a431843cc90e57a7d2dfc4c3daf2e97fc9bde2c38a6,,,,,"[""mint_or_release"",""withdrawal""]",[],,candidate_anomaly,pending,[],6.036709e+22;60367090000000000000000,[],unpaired,[],源 target_times 未能独立确认是实际 UTC 交易时间，timestamp 留空。
TXN-000458,"[""EVT-000042""]",Ethereum,0xa2ec4c335320f96895cdd9be78f78dd78c11340f7cb54d18f5cf126a31d2196a,,,,,"[""mint_or_release"",""withdrawal""]",[],,candidate_anomaly,pending,[],202440725413;202440725413.0,[],unpaired,[],源 target_times 未能独立确认是实际 UTC 交易时间，timestamp 留空。
TXN-000459,"[""EVT-000042""]",Ethereum,0xa2f6fcbe4d639efb7d3a478b1d0788484df56509c97bbdc32cdfec17755dcc44,,,,,"[""mint_or_release"",""withdrawal""]",[],,candidate_anomaly,pending,[],202440725413;202440725413.0,[],unpaired,[],源 target_times 未能独立确认是实际 UTC 交易时间，timestamp 留空。
TXN-000460,"[""EVT-000042""]",Ethereum,0xa304a513cc1b62da3d0237b90078f3f9f9e20fac38718e1c04dd2e589bef51bd,,,,,"[""mint_or_release"",""withdrawal""]",[],,candidate_anomaly,pending,[],200000000000000000000;2e+20,[],unpaired,[],源 target_times 未能独立确认是实际 UTC 交易时间，timestamp 留空。
TXN-000461,"[""EVT-000141""]",Ethereum,0xa4da608e3586e98195517f2a71211b22d6e437eed094b4eba5b7b176617335bf,,,,,"[""Fund Transfer/Laundering""]","[""Abnormal Asset Transfer""]",,associated,pending,[],1,[],unpaired,"[""https://hacked.slowmist.io/?c=Bridge&page=2"",""https://ourcryptotalk.com/news/butter-bridge-exploit-mints-1-quadrillion-mapo-tokens""]",
TXN-000462,"[""EVT-000042""]",Ethereum,0xa5a1190443c18527512fbc824f94d7a955160fa4dbe7445ba6e734521998fbcb,,,,,"[""mint_or_release"",""withdrawal""]",[],,candidate_anomaly,pending,[],1049947188403;1049947188403.0,[],unpaired,[],源 target_times 未能独立确认是实际 UTC 交易时间，timestamp 留空。
TXN-000463,"[""EVT-000007""]",Ethereum,0xa5a383678852d3bdee8c8fb8c70892cc044c780cb47f353f39f0cc9f3ef66421,,,,,"[""deposit"",""lock"",""secondary"",""source-side""]","[""Attack contract emitted fake ETH deposits that Bifrost credited although value was diverted back to the attacker."",""Fake Lock Event"",""Insecure call permission"",""M5_source_authenticity""]",,candidate_anomaly,pending,[],,[],unpaired,"[""https://etherscan.io/tx/0xa5a383678852d3bdee8c8fb8c70892cc044c780cb47f353f39f0cc9f3ef66421"",""https://github.com/Xscope-Tool/Results#thorchain--2"",""https://medium.com/thorchain/post-mortem-eth-router-exploits-1-2-and-premature-return-to-trading-incident-2908928c5fb""]",源 target_times 未能独立确认是实际 UTC 交易时间，timestamp 留空。
TXN-000464,"[""EVT-000179""]",Ethereum,0xa5a668b9fbf2c0ea7d6e5eae1a6a16a8308c90025e2b30200cffa0da00e78392,,,,,"[""attack_seed""]",[],,candidate_anomaly,pending,[],,[],unpaired,"[""https://etherscan.io/tx/0xa5a668b9fbf2c0ea7d6e5eae1a6a16a8308c90025e2b30200cffa0da00e78392""]",
TXN-000465,"[""EVT-000007""]",Ethereum,0xa5f09545d9c190f02eade25cfd765981c30ca269597e9c9299e57d01ed10ed92,,,,,"[""deposit"",""lock"",""secondary"",""source-side""]","[""Attack contract emitted fake ETH deposits that Bifrost credited although value was diverted back to the attacker."",""Fake Lock Event"",""Insecure call permission"",""M5_source_authenticity""]",,candidate_anomaly,pending,[],,[],unpaired,"[""https://etherscan.io/tx/0xa5f09545d9c190f02eade25cfd765981c30ca269597e9c9299e57d01ed10ed92"",""https://github.com/Xscope-Tool/Results#thorchain--2"",""https://medium.com/thorchain/post-mortem-eth-router-exploits-1-2-and-premature-return-to-trading-incident-2908928c5fb""]",源 target_times 未能独立确认是实际 UTC 交易时间，timestamp 留空。
TXN-000466,"[""EVT-000042""]",Ethereum,0xa5f208ddc46df958514c3fe9c82dfe616af2c87ddce86a10b23cd1cd94ceddd4,,,,,"[""mint_or_release"",""withdrawal""]",[],,candidate_anomaly,pending,[],1049947188403;1049947188403.0,[],unpaired,[],源 target_times 未能独立确认是实际 UTC 交易时间，timestamp 留空。
TXN-000467,"[""EVT-000042""]",Ethereum,0xa5fe9d044e4f3e5aa5bc4c0709333cd2190cba0f4e7f16bcf73f49f83e4a5460,,,,,"[""attack_or_exploit_tx"",""message-processing"",""process_release"",""secondary"",""withdrawal""]","[""M8_unresolved"",""Nomad Bridge Exploit Incident Analysis"",""Same zero-root/proof-bypass permitted an unauthorized message to be processed""]",,candidate_anomaly,pending,[],10000000000;10000000000.0,[],unpaired,"[""https://etherscan.io/tx/0xa5fe9d044e4f3e5aa5bc4c0709333cd2190cba0f4e7f16bcf73f49f83e4a5460"",""https://github.com/nomad-xyz/hack-data/blob/main/analysis/hack/transaction_hashes.json"",""https://www.certik.com/blog/nomad-bridge-exploit-incident-analysis"",""https://www.coinbase.com/en-gb/blog/nomad-bridge-incident-analysis""]",源 target_times 未能独立确认是实际 UTC 交易时间，timestamp 留空。
TXN-000468,"[""EVT-000022""]",Ethereum,0xa6282e604eab18390be3abf2f4f0039dbdbcc3f4cf15e4d3ade296b8684a0486,,,,,"[""attack_seed"",""lock"",""source_deposit""]","[""Fake Lock Event"",""M5_source_authenticity"",""Unrealized fallback logic""]",,candidate_anomaly,pending,[],,[],unpaired,"[""https://qbt.wiki/en/incident/technical-analysis/""]",源 target_times 未能独立确认是实际 UTC 交易时间，timestamp 留空。
TXN-000469,"[""EVT-000151""]",Ethereum,0xa6664be5a4cba3a403c998e7b0126197bb719fc28af9aa86c8c98f730da5a974,,,,,"[""Asset Extraction""]","[""Abnormal Withdrawal/Release""]",,candidate_anomaly,pending,[],20.7,[],unpaired,"[""https://hacked.slowmist.io/?c=Bridge"",""https://paragraph.com/@taiko-labs/taiko-security-incident-a-postmortem-and-next-steps""]",
TXN-000470,"[""EVT-000042""]",Ethereum,0xa7adfcc5101ede08ebfa4920180f52f717e737c2715c681b443f383a45c3837f,,,,,"[""mint_or_release"",""withdrawal""]",[],,candidate_anomaly,pending,[],202440725413;202440725413.0,[],unpaired,[],源 target_times 未能独立确认是实际 UTC 交易时间，timestamp 留空。
TXN-000471,"[""EVT-000202""]",Ethereum,0xa858463f30a08c6f3410ed456e59277fbe62ff14225754d2bb0b4f6a75fdc8ad,,,,,"[""attack_seed""]",[],,candidate_anomaly,pending,[],,[],unpaired,"[""https://medium.com/opyn/opyn-eth-put-exploit-post-mortem-1a009e3347a8""]",
TXN-000472,"[""EVT-000042""]",Ethereum,0xa964235f9a86094448a12b55752d69a4758b6b1b5e95c18ec541c651dc055c4a,,,,,"[""mint_or_release"",""withdrawal""]",[],,candidate_anomaly,pending,[],100000000000000000000;1e+20,[],unpaired,[],源 target_times 未能独立确认是实际 UTC 交易时间，timestamp 留空。
TXN-000473,"[""EVT-000042""]",Ethereum,0xa9ddf5f8c22c33f814aee70b2a86021c19af5f656423c5e14090fd0fe894361a,,,,,"[""mint_or_release"",""withdrawal""]",[],,candidate_anomaly,pending,[],200000000000000000000;2e+20,[],unpaired,[],源 target_times 未能独立确认是实际 UTC 交易时间，timestamp 留空。
TXN-000474,"[""EVT-000149""]",Ethereum,0xab306cd2184d23b6ba3e151b10b3b9a0b81f211cc16f4f3b0c79f0b17a59c2b5,,,,,"[""Asset Extraction""]","[""Abnormal Withdrawal/Release""]",,candidate_anomaly,pending,[],1158,[],unpaired,"[""https://hacked.slowmist.io/?c=Bridge"",""https://www.darknavy.org/web3/exploits/aztec-private-rollup-bridge-escape-hatch-claim-proof-drain/""]",
TXN-000475,"[""EVT-000112""]",Ethereum,0xab395b468fcd9f1e718e44a5ec22c1e3a6e3771ab7c9291049d5964d8fe25220,,,,,"[""attack_or_exploit_tx""]","[""Deep Dive into the GAIN Project Incident""]",,candidate_anomaly,pending,[],,[],unpaired,[],
TXN-000476,"[""EVT-000147""]",Ethereum,0xab58006bd46f77bac25d8d3af3d77806222fb08972c1e4b89f29382309305388,,,,,"[""Fund Transfer/Laundering""]","[""Abnormal Asset Transfer""]",,associated,pending,[],60,[],unpaired,"[""https://forum.scrt.network/t/security-incident-axelar-secret-ibc-bridge-exploit-june-10-2026/7995"",""https://hacked.slowmist.io/?c=Bridge""]",
TXN-000477,"[""EVT-000042""]",Ethereum,0xac16de557aa2638a88ee8136d917860191128e42971bbf6b141502cc61c644e1,,,,,"[""mint_or_release"",""withdrawal""]",[],,candidate_anomaly,pending,[],202440725413;202440725413.0,[],unpaired,[],源 target_times 未能独立确认是实际 UTC 交易时间，timestamp 留空。
TXN-000478,"[""EVT-000007""]",Ethereum,0xac512c2cbb47801b2bf505465b4b7ca3e3b95e54302a461991223f04445d26ac,,,,,"[""deposit"",""lock""]","[""Fake Lock Event"",""Insecure call permission"",""M5_source_authenticity""]",,candidate_anomaly,pending,[],,[],unpaired,[],源 target_times 未能独立确认是实际 UTC 交易时间，timestamp 留空。
TXN-000479,"[""EVT-000022""]",Ethereum,0xac7292e7d0ec8ebe1c94203d190874b2aab30592327b6cc875d00f18de6f3133,,,,,"[""attack_seed"",""lock"",""primary"",""source-side"",""source_deposit""]","[""Fake Lock Event"",""M5_source_authenticity"",""Unrealized fallback logic"",""Zero-address safeTransferFrom did not revert"",""the bridge emitted/accepted a deposit despite receiving no token and enabled destination minting""]",,candidate_anomaly,pending,[],,[],unpaired,"[""https://etherscan.io/tx/0x7f537463d055f32b49050a7e2179461666a9494deb7045d7825d72c210168298"",""https://etherscan.io/tx/0x8d2e9fd13c3e3f59eac17ff55bb0a0b10eee965a2e768e60832b1b3d5b80ebfb"",""https://etherscan.io/tx/0xac7292e7d0ec8ebe1c94203d190874b2aab30592327b6cc875d00f18de6f3133"",""https://etherscan.io/tx/0xff6fa990d4f6cf85592f7fb32840539e6dad20fda4e547acb1a4bbb969d99ba9"",""https://medium.com/@QubitFin/protocol-exploit-report-305c34540fa3"",""https://qbt.wiki/en/incident/technical-analysis/"",""https://www.sharkteam.org/report/analysis/20220129001A_en.pdf""]",源 target_times 未能独立确认是实际 UTC 交易时间，timestamp 留空。
TXN-000480,"[""EVT-000082""]",Ethereum,0xac75adcc1cb3fef158c4f200c48fcbcbb9b6ce3250bdf3751d6231d41a9e604b,,,,,"[""attack_or_exploit_tx""]","[""Socket Tech Incident Analysis""]",,candidate_anomaly,pending,[],,[],unpaired,[],
TXN-000481,"[""EVT-000042""]",Ethereum,0xac77367e3772bfa769e8e1a54cd5062545cb2cb28ec591246893082d79e16ba1,,,,,"[""process_release"",""withdraw"",""withdrawal""]","[""M1_control_plane"",""Off-chain""]",,candidate_anomaly,pending,[],202440725413;202440725413.0,[],unpaired,[],源 target_times 未能独立确认是实际 UTC 交易时间，timestamp 留空。
TXN-000482,"[""EVT-000023""]",Ethereum,0xacd309b02e4b533484d148de9ab0adf367ed4e70ed751d1ff036152dc3bc0479,,,,,"[""attack_seed""]",[],,candidate_anomaly,pending,[],,[],unpaired,"[""https://rekt.news/wormhole-rekt/"",""https://rekt.news/zh/wormhole-rekt""]",
TXN-000483,"[""EVT-000004""]",Ethereum,0xadc082474618d39938ed33d5957e498e0127b952d2e49fcdcf15d42d7254b536,,,,,"[""Withdraw"",""signed_receive""]","[""M6_target_release"",""Withdraw""]",,candidate_anomaly,pending,[],,[],unpaired,[],源 target_times 未能独立确认是实际 UTC 交易时间，timestamp 留空。
TXN-000484,"[""EVT-000144""]",Ethereum,0xade2846a20169aa23d53203e1c3c509474694710a9f4674307c220528d27a4b1,,,,,"[""Recovery/Return""]","[""Abnormal Mint/Burn""]",,associated,pending,[],13257077.37,[],unpaired,"[""https://alephium.org/news/post/the-alephium-bridge-exploit-on-chain-report/"",""https://hacked.slowmist.io/?c=Bridge&page=2""]",
TXN-000485,"[""EVT-000147""]",Ethereum,0xae231983bff05a0361a876287ae050698edab3fc02d2a8dcbce4972b1b0f6225,,,,,"[""Fund Transfer/Laundering""]","[""Abnormal Asset Transfer""]",,associated,pending,[],420475.34,[],unpaired,"[""https://forum.scrt.network/t/security-incident-axelar-secret-ibc-bridge-exploit-june-10-2026/7995"",""https://hacked.slowmist.io/?c=Bridge""]",
TXN-000486,"[""EVT-000013""]",Ethereum,0xae2442c5b5721df8c190fd8f59b53b6dc56a875fb03035ad34276a598ddf7d31,,,,,"[""attack_or_exploit_tx""]","[""Poly Network REKT""]",,candidate_anomaly,pending,[],,[],unpaired,[],
TXN-000487,"[""EVT-000003""]",Ethereum,0xae3fab1e5cfae0a04f25155ec9047cf0f99df4ddf7dda1f1351ed4720fa3c030,,,,,"[""deposit"",""failed_attack"",""lock"",""source-side""]","[""Fake Deposit Event"",""M5_source_authenticity"",""Missing check for important fields"",""Same parsing exploit was attempted after the halt but did not produce the intended unauthorized pool swap""]",,candidate_anomaly,pending,[],,[],unpaired,"[""https://blog.thorchain.org/eth-parsing-error-and-exploit"",""https://etherscan.io/tx/0xae3fab1e5cfae0a04f25155ec9047cf0f99df4ddf7dda1f1351ed4720fa3c030"",""https://slowmist.medium.com/slowmist-analysis-of-three-consecutive-attacks-on-thorchain-6223f1c691be""]",源 target_times 未能独立确认是实际 UTC 交易时间，timestamp 留空。
TXN-000488,"[""EVT-000042""]",Ethereum,0xae8df3202fd2174e11752ec18417aafd2990364263d5b8328b6bfcf627a0c94a,,,,,"[""mint_or_release"",""withdrawal""]",[],,candidate_anomaly,pending,[],202440725413;202440725413.0,[],unpaired,[],源 target_times 未能独立确认是实际 UTC 交易时间，timestamp 留空。
TXN-000489,"[""EVT-000042""]",Ethereum,0xaf4c4c389d9d7ff434115aedd7a5715b650ff1c8664a5610dc3228a05abc5342,,,,,"[""mint_or_release"",""withdrawal""]",[],,candidate_anomaly,pending,[],202440725413;202440725413.0,[],unpaired,[],源 target_times 未能独立确认是实际 UTC 交易时间，timestamp 留空。
TXN-000490,"[""EVT-000079""]",Ethereum,0xafdc36278fcef8d54824b09ec019147cfe2afd995abf6754e52d273a2c1b07ca,,,,,"[""attack_or_exploit_tx"",""attack_seed"",""destination-side"",""primary"",""secondary"",""unauthorized_bridge_vault_withdrawal""]","[""Forged or otherwise unauthorized validator signatures accepted by the bridge withdrawal path."",""Orbit Bridge REKT""]",,candidate_anomaly,pending,[],,[],unpaired,"[""https://etherscan.io/tx/0xafdc36278fcef8d54824b09ec019147cfe2afd995abf6754e52d273a2c1b07ca"",""https://github.com/SunWeb3Sec/DeFiHackLabs/blob/main/src/test/2024-01/OrbitChain_exp.sol"",""https://medium.com/orbit-chain/official-statement-regarding-orbit-bridge-exploit-551928f3dc52"",""https://rekt.news/orbit-bridge-rekt/"",""https://t.me/s/OrbitChainChannel/950""]",源 target_times 未能独立确认是实际 UTC 交易时间，timestamp 留空。
TXN-000491,"[""EVT-000042""]",Ethereum,0xb0447743d0d29c57565658ab5d1a2fe809d16f82816cc704ae67485a41f9888c,,,,,"[""message-processing"",""mint_or_release"",""secondary"",""withdrawal""]","[""Zero-root proof bypass let the Replica process an unauthorized message and release bridge assets""]",,candidate_anomaly,pending,[],300000000;300000000.0,[],unpaired,"[""https://etherscan.io/tx/0xb0447743d0d29c57565658ab5d1a2fe809d16f82816cc704ae67485a41f9888c"",""https://github.com/nomad-xyz/hack-data/blob/main/analysis/hack/transaction_hashes.json"",""https://www.coinbase.com/en-gb/blog/nomad-bridge-incident-analysis""]",源 target_times 未能独立确认是实际 UTC 交易时间，timestamp 留空。
TXN-000492,"[""EVT-000066""]",Ethereum,0xb08f6d3fc70b95223cfffc2c905d9c0467a589e5f652cd193e5c00b4ad329b99,,,,,"[""lock""]","[""Insecure call permission""]",,candidate_anomaly,pending,[],,[],unpaired,[],
TXN-000493,"[""EVT-000179""]",Ethereum,0xb0fc34780be727a8097daf3479480270e868ba67ed35425affef9d67835492b3,,,,,"[""attack_seed""]",[],,candidate_anomaly,pending,[],,[],unpaired,"[""https://etherscan.io/tx/0xb0fc34780be727a8097daf3479480270e868ba67ed35425affef9d67835492b3""]",
TXN-000494,"[""EVT-000042""]",Ethereum,0xb1d7a67de918761cdbe821b9ce2c887bea45da26841f8af851952c61e4680c60,,,,,"[""mint_or_release"",""withdrawal""]",[],,candidate_anomaly,pending,[],200000000000000000000;2e+20,[],unpaired,[],源 target_times 未能独立确认是实际 UTC 交易时间，timestamp 留空。
TXN-000495,"[""EVT-000013""]",Ethereum,0xb1f70464bd95b774c6ce60fc706eb5f9e35cb5f06e6cfe7c17dcda46ffd59581,,,,,"[""cross_chain_manager_state_takeover"",""lock"",""message-processing"",""primary""]","[""Insecure call permission"",""Insufficient validation of cross-chain message target and method enabled unauthorized keeper change and subsequent asset releases.""]",,candidate_anomaly,pending,[],,[],unpaired,"[""https://blocksec.com/blog/the-further-analysis-of-the-poly-network-attack"",""https://etherscan.io/tx/0xb1f70464bd95b774c6ce60fc706eb5f9e35cb5f06e6cfe7c17dcda46ffd59581"",""https://medium.com/poly-network/honour-exploit-and-code-how-we-lost-610m-dollar-and-got-it-back-c4a7d0606267""]",源 target_times 未能独立确认是实际 UTC 交易时间，timestamp 留空。
TXN-000496,"[""EVT-000042""]",Ethereum,0xb1fe26cc8892f58eb468f5208baaf38bac422b5752cca0b9c8a871855d63ae28,,,,,"[""attack_or_exploit_tx"",""attack_seed"",""message-processing"",""process_release"",""secondary"",""withdrawal""]","[""M2_message_validation"",""Nomad Bridge REKT"",""Same zero-root/proof-bypass permitted an unauthorized message to be processed""]",,candidate_anomaly,pending,[],10000000000;10000000000.0,[],unpaired,"[""https://etherscan.io/tx/0xb1fe26cc8892f58eb468f5208baaf38bac422b5752cca0b9c8a871855d63ae28"",""https://github.com/nomad-xyz/hack-data/blob/main/analysis/hack/transaction_hashes.json"",""https://rekt.news/nomad-rekt/"",""https://www.coinbase.com/en-gb/blog/nomad-bridge-incident-analysis""]",源 target_times 未能独立确认是实际 UTC 交易时间，timestamp 留空。
TXN-000497,"[""EVT-000007""]",Ethereum,0xb23beeb4c72755230ce655d1c45cba1c662e55e4aa1f47a4a3b0ef4a3cf4362e,,,,,"[""deposit"",""lock""]","[""Fake Lock Event"",""Insecure call permission"",""M5_source_authenticity""]",,candidate_anomaly,pending,[],,[],unpaired,[],源 target_times 未能独立确认是实际 UTC 交易时间，timestamp 留空。
TXN-000498,"[""EVT-000197""]",Ethereum,0xb4674e448321647faa95fa00cee902ce2804c99a9a89b0ea293b882ce31b29c3,,,,,"[""attack_or_exploit_tx""]","[""Bridge Tracing""]",,candidate_anomaly,pending,[],,[],unpaired,[],
TXN-000499,"[""EVT-000042""]",Ethereum,0xb4c100e5033448108c6619f124804f23041b9f42801fa4a0b643c3bcbdc905cc,,,,,"[""process_release"",""withdraw""]","[""M1_control_plane"",""Off-chain""]",,candidate_anomaly,pending,[],,[],unpaired,[],源 target_times 未能独立确认是实际 UTC 交易时间，timestamp 留空。
TXN-000500,"[""EVT-000042""]",Ethereum,0xb500b832890db4393604f6b5d8c0d076c8bf2b85755e36635ced2d0da22462e7,,,,,"[""mint_or_release"",""withdrawal""]",[],,candidate_anomaly,pending,[],2001000000000;2001000000000.0,[],unpaired,[],源 target_times 未能独立确认是实际 UTC 交易时间，timestamp 留空。
TXN-000501,"[""EVT-000003""]",Ethereum,0xb56df76d4bf1384dc2744692d744de44efadcec7226c6255532a0d1ebdb5abcc,,,,,"[""deposit"",""lock"",""secondary""]","[""Fake Deposit Event"",""M5_source_authenticity"",""Missing check for important fields""]",,candidate_anomaly,pending,[],,[],unpaired,"[""https://blog.thorchain.org/eth-parsing-error-and-exploit"",""https://etherscan.io/tx/0xb56df76d4bf1384dc2744692d744de44efadcec7226c6255532a0d1ebdb5abcc"",""https://slowmist.medium.com/slowmist-analysis-of-three-consecutive-attacks-on-thorchain-6223f1c691be""]",源 target_times 未能独立确认是实际 UTC 交易时间，timestamp 留空。
TXN-000502,"[""EVT-000144""]",Ethereum,0xb5b3f089a745394d736615e9a11ea40a1ad020678e466a6f95b3a9f4d321a98f,,,,,"[""Asset Extraction""]","[""Abnormal Withdrawal/Release""]",,candidate_anomaly,pending,[],5.18192421,[],unpaired,"[""https://alephium.org/news/post/the-alephium-bridge-exploit-on-chain-report/"",""https://hacked.slowmist.io/?c=Bridge&page=2""]",
TXN-000503,"[""EVT-000185""]",Ethereum,0xb5c8bd9430b6cc87a0e2fe110ece6bf527fa4f170a4bc8cd032f768fc5219838,,,,,"[""attack_seed""]",[],,candidate_anomaly,pending,[],,[],unpaired,"[""https://etherscan.io/tx/0xb5c8bd9430b6cc87a0e2fe110ece6bf527fa4f170a4bc8cd032f768fc5219838""]",
TXN-000504,"[""EVT-000039""]",Ethereum,0xb5d5e0d3ca444b24477141b2f0529626be7a9b439e548c74e1cca9952a6ee3fd,,,,,[],[],,excluded,pending,[],,[],unpaired,"[""https://etherscan.io/tx/0xb5d5e0d3ca444b24477141b2f0529626be7a9b439e548c74e1cca9952a6ee3fd""]",
TXN-000505,"[""EVT-000003""]",Ethereum,0xb74f4860e24f04e9e32ace36735285d518a8a36bf8e8dcc868d7508bb60947c9,,,,,"[""deposit"",""lock"",""secondary"",""source-side""]","[""Fake Deposit Event"",""M5_source_authenticity"",""Missing check for important fields"",""Same ETH-symbol parsing flaw"",""zero ETH transaction was treated as deposited ETH by Bifrost""]",,candidate_anomaly,pending,[],,[],unpaired,"[""https://blog.thorchain.org/eth-parsing-error-and-exploit"",""https://etherscan.io/tx/0xb74f4860e24f04e9e32ace36735285d518a8a36bf8e8dcc868d7508bb60947c9"",""https://slowmist.medium.com/slowmist-analysis-of-three-consecutive-attacks-on-thorchain-6223f1c691be""]",源 target_times 未能独立确认是实际 UTC 交易时间，timestamp 留空。
TXN-000506,"[""EVT-000042""]",Ethereum,0xb75d5032cd38774f4b0de4d43a89ac014d67c9ea12abc2e627c003a911eff4a3,,,,,"[""process_release"",""withdraw""]","[""M1_control_plane"",""Off-chain""]",,candidate_anomaly,pending,[],,[],unpaired,[],源 target_times 未能独立确认是实际 UTC 交易时间，timestamp 留空。
TXN-000507,"[""EVT-000191""]",Ethereum,0xb8801c7ec53f48304acb6961ba51b9c255a50cd47954685881102a8223e805dd,,,,,"[""lock""]","[""Withdraw""]",,candidate_anomaly,pending,[],,[],unpaired,[],
TXN-000508,"[""EVT-000151""]",Ethereum,0xb8befb015a67de8f40890b1f8667c597c3b66a52b388ec1c6cd28637fd65dd13,,,,,"[""Asset Extraction""]","[""Abnormal Withdrawal/Release""]",,candidate_anomaly,pending,[],130,[],unpaired,"[""https://hacked.slowmist.io/?c=Bridge"",""https://paragraph.com/@taiko-labs/taiko-security-incident-a-postmortem-and-next-steps""]",
TXN-000509,"[""EVT-000022""]",Ethereum,0xb9c5e0ed27bbb5237a6fa4549784ba740059253f57453a8c4cf1f80f71b09cf5,,,,,"[""attack_seed"",""lock"",""source_deposit""]","[""Fake Lock Event"",""M5_source_authenticity"",""Unrealized fallback logic""]",,candidate_anomaly,pending,[],,[],unpaired,"[""https://qbt.wiki/en/incident/technical-analysis/""]",源 target_times 未能独立确认是实际 UTC 交易时间，timestamp 留空。
TXN-000510,"[""EVT-000076""]",Ethereum,0xb9e09bf59b4b34f00c14159f56c9e27402bf86e92c02bf1726fab3454fcaaa77,,,,,"[""custody-outflow"",""secondary""]","[""Compromised or misused HECO bridge operator invoked withdrawToken"",""the successful target transaction released 619000 USDC from the Ethereum bridge contract to the exploit recipient.""]",,candidate_anomaly,pending,[],,[],unpaired,"[""https://etherscan.io/tx/0xb9e09bf59b4b34f00c14159f56c9e27402bf86e92c02bf1726fab3454fcaaa77"",""https://www.certik.com/blog/heco-bridge-exploit"",""https://www.htx.com/zh-cn/support/104954980569005""]",源 target_times 未能独立确认是实际 UTC 交易时间，timestamp 留空。
TXN-000511,"[""EVT-000068""]",Ethereum,0xb9f52d5eb0d67c1038debe8e0f60ed265bd4937db0cfe5ef15b3f1fa28f31f8d,,,,,"[""custody-outflow"",""secondary""]","[""Successful direct transfer moved 30138618 USDC from the Multichain Fantom-bridge MPC/custody address to a fresh recipient during the July 6 abnormal outflow.""]",,candidate_anomaly,pending,[],,[],unpaired,"[""https://etherscan.io/tx/0xb9f52d5eb0d67c1038debe8e0f60ed265bd4937db0cfe5ef15b3f1fa28f31f8d"",""https://twitter.com/MultichainOrg/status/1677096839731097600"",""https://www.chaincatcher.com/article/2096407""]",源 target_times 未能独立确认是实际 UTC 交易时间，timestamp 留空。
TXN-000512,"[""EVT-000042""]",Ethereum,0xba0b139e450b0438e9c986ed00d209f9c289416000712a62a33e9feda045ca10,,,,,"[""attack_or_exploit_tx"",""local_followon_or_other_version""]","[""M2_message_validation"",""Nomad Bridge REKT""]",,candidate_anomaly,pending,[],,[],unpaired,[],源 target_times 未能独立确认是实际 UTC 交易时间，timestamp 留空。
TXN-000513,"[""EVT-000042""]",Ethereum,0xba222b15d656da08d763524925423a1dee4424027caab452f636fd28156a826d,,,,,"[""mint_or_release"",""withdrawal""]",[],,candidate_anomaly,pending,[],202440725413;202440725413.0,[],unpaired,[],源 target_times 未能独立确认是实际 UTC 交易时间，timestamp 留空。
TXN-000514,"[""EVT-000194""]",Ethereum,0xba75ad7a43e784f51fe777d749fc55ae10f1df2bcb01cde97641613b19acb6ec,,,,,[],[],,candidate_anomaly,pending,[],,[],unpaired,"[""https://rekt.news/transit-swap-rekt/""]",
TXN-000515,"[""EVT-000042""]",Ethereum,0xba7aaaeff6bd578ed12eee821c01cb350f1b989ac4c8c3aaccf5ba8c7e8ea993,,,,,"[""mint_or_release"",""withdrawal""]",[],,candidate_anomaly,pending,[],77000000000;77000000000.0,[],unpaired,[],源 target_times 未能独立确认是实际 UTC 交易时间，timestamp 留空。
TXN-000516,"[""EVT-000076""]",Ethereum,0xbb6fe88427c2f3bc179075109d47a805dcfedab0e475eaca0d979311873e131b,,,,,"[""custody-outflow"",""primary"",""unauthorized_bridge_operator_withdrawal""]","[""Compromise or misuse of the privileged HECO bridge operator key.""]",,candidate_anomaly,pending,[],,[],unpaired,"[""https://etherscan.io/tx/0xbb6fe88427c2f3bc179075109d47a805dcfedab0e475eaca0d979311873e131b"",""https://www.certik.com/blog/heco-bridge-exploit"",""https://www.htx.com/zh-cn/support/104954980569005""]",源 target_times 未能独立确认是实际 UTC 交易时间，timestamp 留空。
TXN-000517,"[""EVT-000033""]",Ethereum,0xbbde7bdf12802dfe72c46604bceb676d6aa23b55a7746f9778a4c99530461e25,,,,,[],[],,excluded,pending,[],,[],unpaired,"[""https://etherscan.io/tx/0xbbde7bdf12802dfe72c46604bceb676d6aa23b55a7746f9778a4c99530461e25""]",
TXN-000518,"[""EVT-000147""]",Ethereum,0xbc3bde340b83ed81105b4b630862a837174e9ff33b42e9cf2df08007e05661da,,,,,"[""Fund Transfer/Laundering""]","[""Abnormal Asset Transfer""]",,associated,pending,[],4.4135,[],unpaired,"[""https://forum.scrt.network/t/security-incident-axelar-secret-ibc-bridge-exploit-june-10-2026/7995"",""https://hacked.slowmist.io/?c=Bridge""]",
TXN-000519,"[""EVT-000007""]",Ethereum,0xbc68035ce2c8a2c549604ff7db59e07931f39040758b138190338fa697338db3,,,,,"[""deposit"",""lock""]","[""Fake Lock Event"",""Insecure call permission"",""M5_source_authenticity""]",,candidate_anomaly,pending,[],,[],unpaired,[],源 target_times 未能独立确认是实际 UTC 交易时间，timestamp 留空。
TXN-000520,"[""EVT-000022""]",Ethereum,0xbcb7adffc8dd56a1c11629132df7c4b909c528bd1075999e31b9f9dd661a9a4e,,,,,"[""lock"",""source_deposit""]","[""Fake Lock Event"",""M5_source_authenticity"",""Unrealized fallback logic""]",,candidate_anomaly,pending,[],,[],unpaired,[],源 target_times 未能独立确认是实际 UTC 交易时间，timestamp 留空。
TXN-000521,"[""EVT-000068""]",Ethereum,0xbd29fe07555c28527fb0207aa0ac2b67d4afef0426793c35b76d005613477fc4,,,,,"[""custody-outflow"",""primary"",""unauthorized_bridge_custody_transfer""]","[""Unknown or disputed control of Multichain MPC infrastructure"",""possible key compromise, insider action or rug pull remains unresolved.""]",,candidate_anomaly,pending,[],,[],unpaired,"[""https://etherscan.io/tx/0xbd29fe07555c28527fb0207aa0ac2b67d4afef0426793c35b76d005613477fc4"",""https://nomoslabs.io/archive/multichain-2023"",""https://www.chainalysis.com/blog/multichain-exploit-july-2023/"",""https://x.com/MultichainOrg""]",源 target_times 未能独立确认是实际 UTC 交易时间，timestamp 留空。
TXN-000522,"[""EVT-000042""]",Ethereum,0xbdcdf504de7cdf9bebb4f597da400bff25c9fb1b8aa277b7c7789049a4ab95e8,,,,,"[""mint_or_release"",""withdrawal""]",[],,candidate_anomaly,pending,[],202440725413;202440725413.0,[],unpaired,[],源 target_times 未能独立确认是实际 UTC 交易时间，timestamp 留空。
TXN-000523,"[""EVT-000022""]",Ethereum,0xbdedb13d78bcb2f4eb48241c0ed0b299264458021d6e8f331e08a1c9bd96f943,,,,,"[""attack_seed"",""lock"",""source_deposit""]","[""Fake Lock Event"",""M5_source_authenticity"",""Unrealized fallback logic""]",,candidate_anomaly,pending,[],,[],unpaired,"[""https://qbt.wiki/en/incident/technical-analysis/""]",源 target_times 未能独立确认是实际 UTC 交易时间，timestamp 留空。
TXN-000524,"[""EVT-000180""]",Ethereum,0xbfec43599bb73af95eaf4ac9ff83a62cdbe084382dd6f5d12bc8e817ce3574e5,,,,,"[""attack_or_exploit_tx""]","[""zkSync Findings and Analysis Report""]",,candidate_anomaly,pending,[],,[],unpaired,[],
TXN-000525,"[""EVT-000147""]",Ethereum,0xc185c90b3d57606986f17f63fdb12be6dfa777a350f48d41000cc4e8c23b29e9,,,,,"[""Fund Transfer/Laundering""]","[""Abnormal Asset Transfer""]",,associated,pending,[],50,[],unpaired,"[""https://forum.scrt.network/t/security-incident-axelar-secret-ibc-bridge-exploit-june-10-2026/7995"",""https://hacked.slowmist.io/?c=Bridge""]",
TXN-000526,"[""EVT-000039""]",Ethereum,0xc1c554988aab1ea3bc74f8b87fb2c256ffd9e3bcadaade60cf23ab258c53e6f1,,,,,"[""bridge_multisig_execution"",""destination-side"",""secondary""]","[""Compromised validator keys satisfied the 2-of-5 multisig and executed an unauthorized bridge withdrawal.""]",,candidate_anomaly,pending,[],,[],unpaired,"[""https://etherscan.io/tx/0xc1c554988aab1ea3bc74f8b87fb2c256ffd9e3bcadaade60cf23ab258c53e6f1"",""https://medium.com/harmony-one/harmonys-horizon-bridge-hack-1e8d283b6d66"",""https://www.merklescience.com/blog/hack-track-analysis-of-harmonys-horizon-bridge-exploit""]",源 target_times 未能独立确认是实际 UTC 交易时间，timestamp 留空。
TXN-000527,"[""EVT-000007""]",Ethereum,0xc1d1c1367b3ba3ef409b9ab78fd1ec7bc8a822aabef81b944a72f4ac278bb139,,,,,"[""deposit"",""lock"",""secondary"",""source-side""]","[""Attack contract emitted fake ETH deposits that Bifrost credited although value was diverted back to the attacker."",""Fake Lock Event"",""Insecure call permission"",""M5_source_authenticity""]",,candidate_anomaly,pending,[],,[],unpaired,"[""https://etherscan.io/tx/0xc1d1c1367b3ba3ef409b9ab78fd1ec7bc8a822aabef81b944a72f4ac278bb139"",""https://github.com/Xscope-Tool/Results#thorchain--2"",""https://medium.com/thorchain/post-mortem-eth-router-exploits-1-2-and-premature-return-to-trading-incident-2908928c5fb""]",源 target_times 未能独立确认是实际 UTC 交易时间，timestamp 留空。
TXN-000528,"[""EVT-000042""]",Ethereum,0xc25c14273203425510bde121c97ae6ad375abe2115136e7e297e7f8255c366bd,,,,,"[""mint_or_release"",""withdrawal""]",[],,candidate_anomaly,pending,[],202440725413;202440725413.0,[],unpaired,[],源 target_times 未能独立确认是实际 UTC 交易时间，timestamp 留空。
TXN-000529,"[""EVT-000042""]",Ethereum,0xc275ab005910e6fb4406cbc823dcbd18900a2d978d078eab6f691750514aeb65,,,,,"[""mint_or_release"",""withdrawal""]",[],,candidate_anomaly,pending,[],1.21387701073e+23;121387701073000000000000,[],unpaired,[],源 target_times 未能独立确认是实际 UTC 交易时间，timestamp 留空。
TXN-000530,"[""EVT-000029""]",Ethereum,0xc28fad5e8d5e0ce6a2eaf67b6687be5d58113e16be590824d6cfa1a94467d0b7,,,,,"[""attack_or_exploit_tx"",""attack_seed"",""destination-side"",""mint_or_release"",""primary"",""withdraw""]","[""Compromised validator keys supplied the signature threshold to withdrawERC20For without a legitimate deposit"",""Off-chain""]",,candidate_anomaly,pending,[],173600000000000000000000,[],unpaired,"[""https://blocksec.com/blog/tracing-the-stolen-fund-of-the-ronin-bridge"",""https://blog.roninchain.com/p/the-ronin-bridge-is-open-"",""https://eth.blockscout.com/api/v2/transactions/0x431136dd361557abe34fe4685a278654e9e1bc7547a40719b348c096c5092d2b"",""https://eth.blockscout.com/api/v2/transactions/0x55ae6a400fb41abe493f5f70bba0d6aa4386e2b082ad3ffc851bf22a3dfa7e9b"",""https://eth.blockscout.com/api/v2/transactions/0xbe0a102e13ce64035bb5d48f040b44e78cd972a7afa723504681aca3b23b64f4"",""https://eth.blockscout.com/api/v2/transactions/0xc28fad5e8d5e0ce6a2eaf67b6687be5d58113e16be590824d6cfa1a94467d0b7"",""https://eth.blockscout.com/api/v2/transactions/0xed2c72ef1a552ddaec6dd1f5cddf0b59a8f37f82bdda5257d9c7c37db7bb9b08"",""https://eth.blockscout.com/api?module=account&action=txlist&address=0x098B716B8Aaf21512996dC57EB0615e2383E2f96&startblock=0&endblock=14450000&sort=asc"",""https://etherscan.io/tx/0xc28fad5e8d5e0ce6a2eaf67b6687be5d58113e16be590824d6cfa1a94467d0b7"",""https://rekt.news/ronin-rekt"",""https://rekt.news/ronin-rekt/"",""https://www.sharkteam.org/report/analysis/20220330001A_en.pdf""]",源 target_times 未能独立确认是实际 UTC 交易时间，timestamp 留空。
TXN-000531,"[""EVT-000131""]",Ethereum,0xc295f4cd51fdd7d76f64cb7993aba0630769c032190a70835666516825840fc6,,,,,"[""attack_or_exploit_tx""]",[],,candidate_anomaly,pending,[],,[],unpaired,"[""https://www.blockaid.io/blog/how-a-single-layerzero-dvn-compromise-drained-292m-from-kelpdao""]",
TXN-000532,"[""EVT-000042""]",Ethereum,0xc2af8ac586489d4c555a273d965aa233ee03dcce31e1028b067497a753f33903,,,,,"[""mint_or_release"",""withdrawal""]",[],,candidate_anomaly,pending,[],77000000000;77000000000.0,[],unpaired,[],源 target_times 未能独立确认是实际 UTC 交易时间，timestamp 留空。
TXN-000533,"[""EVT-000042""]",Ethereum,0xc2e6d1681111f72eae7b52fad1ceb86efe58a554020cd6d60b74742cd755fa03,,,,,"[""mint_or_release"",""withdrawal""]",[],,candidate_anomaly,pending,[],202440725413;202440725413.0,[],unpaired,[],源 target_times 未能独立确认是实际 UTC 交易时间，timestamp 留空。
TXN-000534,"[""EVT-000147""]",Ethereum,0xc311d3f1099460069e88d66d5ad9e94046b560c0fa2facfd74232c10b685ec84,,,,,"[""Fund Transfer/Laundering""]","[""Abnormal Asset Transfer""]",,associated,pending,[],139,[],unpaired,"[""https://forum.scrt.network/t/security-incident-axelar-secret-ibc-bridge-exploit-june-10-2026/7995"",""https://hacked.slowmist.io/?c=Bridge""]",
TXN-000535,"[""EVT-000042""]",Ethereum,0xc4938e6f6368061194d076d44f73a8cae3a318b1ee7cf8b026abe10b7c206c2a,,,,,"[""mint_or_release"",""withdrawal""]",[],,candidate_anomaly,pending,[],10000000000000000000000;1e+22,[],unpaired,[],源 target_times 未能独立确认是实际 UTC 交易时间，timestamp 留空。
TXN-000536,"[""EVT-000042""]",Ethereum,0xc4cfdf1c839b6fada23d3c8ce2ece579ffd7fc1d910b72f049a6be39d2a256f7,,,,,"[""mint_or_release"",""withdrawal""]",[],,candidate_anomaly,pending,[],202440725413;202440725413.0,[],unpaired,[],源 target_times 未能独立确认是实际 UTC 交易时间，timestamp 留空。
TXN-000537,"[""EVT-000010""]",Ethereum,0xc567aa4ccd59f3eb1c6476c4245b7002474e4df521a59fbcaffb53b8be4cc974,,,,,"[""lock"",""withdraw""]","[""Fake Deposit Event"",""Missing check for important fields""]",,candidate_anomaly,pending,[],,[],unpaired,[],
TXN-000538,"[""EVT-000007""]",Ethereum,0xc5c224fb8bea0fde468fb50aba45e890bb6b694fbe47e007e994f0d3eb303971,,,,,"[""deposit"",""lock"",""secondary"",""source-side""]","[""Attack contract emitted fake ETH deposits that Bifrost credited although value was diverted back to the attacker."",""Fake Lock Event"",""Insecure call permission"",""M5_source_authenticity""]",,candidate_anomaly,pending,[],,[],unpaired,"[""https://etherscan.io/tx/0xc5c224fb8bea0fde468fb50aba45e890bb6b694fbe47e007e994f0d3eb303971"",""https://github.com/Xscope-Tool/Results#thorchain--2"",""https://medium.com/thorchain/post-mortem-eth-router-exploits-1-2-and-premature-return-to-trading-incident-2908928c5fb""]",源 target_times 未能独立确认是实际 UTC 交易时间，timestamp 留空。
TXN-000539,"[""EVT-000147""]",Ethereum,0xc5cff1139dd881f58da1cc2e80ca1c53295f3a06222d406f0377caea004d0d5e,,,,,"[""Fund Transfer/Laundering""]","[""Abnormal Asset Transfer""]",,associated,pending,[],335.05,[],unpaired,"[""https://forum.scrt.network/t/security-incident-axelar-secret-ibc-bridge-exploit-june-10-2026/7995"",""https://hacked.slowmist.io/?c=Bridge""]",
TXN-000540,"[""EVT-000067""]",Ethereum,0xc6245cb7c9bf44b206fef1ed934a449dc3e259d946d477b170937f6e24dce992,,,,,"[""attack_or_exploit_tx"",""message-processing"",""secondary""]","[""Maliciously authorized destination-chain verifyHeaderAndExecuteTx call caused Poly Network to unlock 241756.957962782 pWING to the attacker on Ethereum without a legitimate corresponding lock amount."",""Poly Network Incident Analysis""]",,candidate_anomaly,pending,[],,[],unpaired,"[""https://etherscan.io/tx/0xc6245cb7c9bf44b206fef1ed934a449dc3e259d946d477b170937f6e24dce992"",""https://polynetwork.medium.com/poly-network-exploit-damage-control-measures-0673721c63e4"",""https://www.certik.com/blog/7iLk3m8aamq1fe8rWxdrT3-poly-network-incident-analysis"",""https://www.certik.com/resources/blog/poly-network-incident-analysis""]",源 target_times 未能独立确认是实际 UTC 交易时间，timestamp 留空。
TXN-000541,"[""EVT-000082""]",Ethereum,0xc6c3331fa8c2d30e1ef208424c08c039a89e510df2fb6ae31e5aa40722e28fd6,,,,,"[""lock"",""unauthorized_interop_gateway_approval_drain""]","[""Insecure call permission""]",,candidate_anomaly,pending,[],,[],unpaired,"[""https://etherscan.io/tx/0xc6c3331fa8c2d30e1ef208424c08c039a89e510df2fb6ae31e5aa40722e28fd6"",""https://github.com/SunWeb3Sec/DeFiHackLabs/blob/main/src/test/2024-01/SocketGateway_exp.sol"",""https://twitter.com/SocketDotTech/status/1747349422730813525""]",源 target_times 未能独立确认是实际 UTC 交易时间，timestamp 留空。
TXN-000542,"[""EVT-000007""]",Ethereum,0xc75b9ef9a2f8ffe3ba20a8f5f7133d8b9c25e5baa918ff4c9eade879d33a4c58,,,,,"[""deposit"",""lock"",""secondary"",""source-side""]","[""Attack contract emitted fake ETH deposits that Bifrost credited although value was diverted back to the attacker."",""Fake Lock Event"",""Insecure call permission"",""M5_source_authenticity""]",,candidate_anomaly,pending,[],,[],unpaired,"[""https://etherscan.io/tx/0xc75b9ef9a2f8ffe3ba20a8f5f7133d8b9c25e5baa918ff4c9eade879d33a4c58"",""https://github.com/Xscope-Tool/Results#thorchain--2"",""https://medium.com/thorchain/post-mortem-eth-router-exploits-1-2-and-premature-return-to-trading-incident-2908928c5fb""]",源 target_times 未能独立确认是实际 UTC 交易时间，timestamp 留空。
TXN-000543,"[""EVT-000042""]",Ethereum,0xc767ee4209276d8c77b97e924f6cfa79030f9258b414af68f31367adde7f2f6a,,,,,"[""mint_or_release"",""withdrawal""]",[],,candidate_anomaly,pending,[],202440725413;202440725413.0,[],unpaired,[],源 target_times 未能独立确认是实际 UTC 交易时间，timestamp 留空。
TXN-000544,"[""EVT-000042""]",Ethereum,0xc79ec5e8ad9e1a27956731833feefa2d5915e63a7105cacdc0530ff7dafbbec2,,,,,"[""mint_or_release"",""withdrawal""]",[],,candidate_anomaly,pending,[],202440725413;202440725413.0,[],unpaired,[],源 target_times 未能独立确认是实际 UTC 交易时间，timestamp 留空。
TXN-000545,"[""EVT-000022""]",Ethereum,0xc7e964fa3b0e8d2df6d92d96e57d7eb6cebf7ca581807cab96d4f3aafa98ba12,,,,,"[""attack_seed"",""lock"",""source_deposit""]","[""Fake Lock Event"",""M5_source_authenticity"",""Unrealized fallback logic""]",,candidate_anomaly,pending,[],,[],unpaired,"[""https://qbt.wiki/en/incident/technical-analysis/""]",源 target_times 未能独立确认是实际 UTC 交易时间，timestamp 留空。
TXN-000546,"[""EVT-000005""]",Ethereum,0xc80e7cfeb16143cba4d5fb3b192b7dbe70e9bcd5ca0348facd20bf2d05693070,,,,,"[""attack_seed"",""custody-outflow"",""lock"",""primary"",""unauthorized_pool_withdrawal"",""withdraw""]","[""Insecure call permission"",""Off-chain"",""Repeated ECDSA nonce exposed the V3 Router MPC private key"",""attacker signed unauthorized pool withdrawals.""]",,candidate_anomaly,pending,[],,[],unpaired,"[""https://etherscan.io/tx/0xc80e7cfeb16143cba4d5fb3b192b7dbe70e9bcd5ca0348facd20bf2d05693070"",""https://medium.com/multichainorg/anyswap-multichain-router-v3-exploit-statement-6833f1b7e6fb"",""https://rekt.news/anyswap-rekt/""]",源 target_times 未能独立确认是实际 UTC 交易时间，timestamp 留空。
TXN-000547,"[""EVT-000079""]",Ethereum,0xc84f7a560d070f62fe81e2923607d06365c8b6b250afc21800e9c96b7098e135,,,,,[],[],,candidate_anomaly,pending,[],,[],unpaired,"[""https://dn.institute/research/cyberattacks/incidents/2023-12-31-orbit-bridge/""]",
TXN-000548,"[""EVT-000147""]",Ethereum,0xc866b256ce2a7ea45d41526a176ec7f36af4b449d873f54a7558b0306abf7a99,,,,,"[""Fund Transfer/Laundering""]","[""Abnormal Asset Transfer""]",,associated,pending,[],100,[],unpaired,"[""https://forum.scrt.network/t/security-incident-axelar-secret-ibc-bridge-exploit-june-10-2026/7995"",""https://hacked.slowmist.io/?c=Bridge""]",
TXN-000549,"[""EVT-000004""]",Ethereum,0xc96d16847c65be141aa9f87ba11299bdee0c1d7881c5039211b27aa5713bbee1,,,,,"[""Withdraw"",""signed_receive""]","[""M6_target_release"",""Withdraw""]",,candidate_anomaly,pending,[],,[],unpaired,[],源 target_times 未能独立确认是实际 UTC 交易时间，timestamp 留空。
TXN-000550,"[""EVT-000122""]",Ethereum,0xc9c53b28a2aec4f8641394d2ba086a4d0b0a93e40d0a86c578c7fc20ab6351b8,,,,,[],[],,candidate_anomaly,pending,[],,[],unpaired,"[""https://nomoslabs.io/archive/iotex-2026""]",
TXN-000551,"[""EVT-000042""]",Ethereum,0xcc89082f5bd9e82a32ff215c8bea5a4b8fb657b5c2442e700e31736a45a89c9f,,,,,"[""mint_or_release"",""withdrawal""]",[],,candidate_anomaly,pending,[],1049947188403;1049947188403.0,[],unpaired,[],源 target_times 未能独立确认是实际 UTC 交易时间，timestamp 留空。
TXN-000552,"[""EVT-000042""]",Ethereum,0xccf4e1032e7d50ec5a749e21edb897a7c8fa097ff85d10a6b539044c477d8104,,,,,"[""mint_or_release"",""withdrawal""]",[],,candidate_anomaly,pending,[],202440725413;202440725413.0,[],unpaired,[],源 target_times 未能独立确认是实际 UTC 交易时间，timestamp 留空。
TXN-000553,"[""EVT-000179""]",Ethereum,0xccfba9feb5400ae530f00835c1970f7401d75511111503253212e98da52aedee,,,,,"[""attack_seed""]",[],,candidate_anomaly,pending,[],,[],unpaired,"[""https://etherscan.io/tx/0xccfba9feb5400ae530f00835c1970f7401d75511111503253212e98da52aedee""]",
TXN-000554,"[""EVT-000184""]",Ethereum,0xcd314668aaa9bbfebaf1a0bd2b6553d01dd58899c508d4729fa7311dc5d33ad7,,,,,"[""attack_seed""]",[],,candidate_anomaly,pending,[],,[],unpaired,"[""https://docs.bean.money/almanac/disclosures""]",
TXN-000555,"[""EVT-000042""]",Ethereum,0xcd54193008330871d84c191bbf2f2fafa338420052b1523e157817536ac15d0e,,,,,"[""message-processing"",""mint_or_release"",""secondary"",""withdrawal""]","[""Zero-root proof bypass let the Replica process an unauthorized message and release bridge assets""]",,candidate_anomaly,pending,[],300000000;300000000.0,[],unpaired,"[""https://etherscan.io/tx/0xcd54193008330871d84c191bbf2f2fafa338420052b1523e157817536ac15d0e"",""https://github.com/nomad-xyz/hack-data/blob/main/analysis/hack/transaction_hashes.json""]",源 target_times 未能独立确认是实际 UTC 交易时间，timestamp 留空。
TXN-000556,"[""EVT-000042""]",Ethereum,0xcd6d4e545639da7c14ba11705721e9cd83bb741f3d0554145a6cf392f992496e,,,,,"[""mint_or_release"",""withdrawal""]",[],,candidate_anomaly,pending,[],202440725413;202440725413.0,[],unpaired,[],源 target_times 未能独立确认是实际 UTC 交易时间，timestamp 留空。
TXN-000557,"[""EVT-000147""]",Ethereum,0xcdb8c7f007f90bb079ee744e5d6188d1b0410e6fdd56f6ee57645c94724058ad,,,,,"[""Fund Transfer/Laundering""]","[""Abnormal Asset Transfer""]",,associated,pending,[],100,[],unpaired,"[""https://forum.scrt.network/t/security-incident-axelar-secret-ibc-bridge-exploit-june-10-2026/7995"",""https://hacked.slowmist.io/?c=Bridge""]",
TXN-000558,"[""EVT-000010""]",Ethereum,0xce958939ba23771d0a0b80532c463b4cbbb175f4d14c08d9d27dd251f68a5da1,,,,,"[""lock"",""withdraw""]","[""Fake Deposit Event"",""Missing check for important fields""]",,candidate_anomaly,pending,[],,[],unpaired,[],
TXN-000559,"[""EVT-000022""]",Ethereum,0xcf205cf4625d5a065cb2cd806e23e6d9b0235890e4934a7ee665c9484a5a2a56,,,,,"[""lock"",""source_deposit""]","[""Fake Lock Event"",""M5_source_authenticity"",""Unrealized fallback logic""]",,candidate_anomaly,pending,[],,[],unpaired,[],源 target_times 未能独立确认是实际 UTC 交易时间，timestamp 留空。
TXN-000560,"[""EVT-000193""]",Ethereum,0xcfd7885891c6e221021e1b0efde837c5cbc12ddca0018beee6729c611a723b99,,,,,"[""attack_seed""]",[],,candidate_anomaly,pending,[],,[],unpaired,"[""https://etherscan.io/address/0xe2307837524db8961c4541f943598654240bd62f""]",
TXN-000561,"[""EVT-000042""]",Ethereum,0xd00a7918d296a8bda17370a3306a950c99942f9f991d933321844fda5b2b24e0,,,,,"[""mint_or_release"",""withdrawal""]",[],,candidate_anomaly,pending,[],202440725413;202440725413.0,[],unpaired,[],源 target_times 未能独立确认是实际 UTC 交易时间，timestamp 留空。
TXN-000562,"[""EVT-000042""]",Ethereum,0xd072438573c3bb1df3afeed96c84799c681c28edc214cc269b9536fe2bd8220b,,,,,"[""process_release"",""withdraw""]","[""M1_control_plane"",""Off-chain""]",,candidate_anomaly,pending,[],,[],unpaired,[],源 target_times 未能独立确认是实际 UTC 交易时间，timestamp 留空。
TXN-000563,"[""EVT-000022""]",Ethereum,0xd0d86c51770877c80edb018d2c69ed23ca834694e3ca43159a9b9b889ac4ad4d,,,,,"[""attack_seed"",""lock"",""source_deposit""]","[""Fake Lock Event"",""M5_source_authenticity"",""Unrealized fallback logic""]",,candidate_anomaly,pending,[],,[],unpaired,"[""https://qbt.wiki/en/incident/technical-analysis/""]",源 target_times 未能独立确认是实际 UTC 交易时间，timestamp 留空。
TXN-000564,"[""EVT-000147""]",Ethereum,0xd0fc7d5699d2a545d54f96d8360ebfb439da3d922c4b21a34048f7eeee8b2317,,,,,"[""Fund Transfer/Laundering""]","[""Abnormal Asset Transfer""]",,associated,pending,[],239323.54,[],unpaired,"[""https://forum.scrt.network/t/security-incident-axelar-secret-ibc-bridge-exploit-june-10-2026/7995"",""https://hacked.slowmist.io/?c=Bridge""]",
TXN-000565,"[""EVT-000007"",""EVT-000024"",""EVT-000203""]",Ethereum,0xd214657c3b838fdeada445a1f9ee3cfca050125031e55ee31fa83a094306fa78,,,,,"[""lock"",""other_version""]","[""Fake Lock Event"",""Insecure call permission"",""M5_source_authenticity""]",,candidate_anomaly,pending,[],,[],unpaired,[],源 target_times 未能独立确认是实际 UTC 交易时间，timestamp 留空。
TXN-000566,"[""EVT-000004""]",Ethereum,0xd25ef72880fdd20f776c39e628f1b3753c471e549d997f47569c30b54d5defc0,,,,,"[""Withdraw"",""local_disposition_or_other_version""]","[""M6_target_release"",""Withdraw""]",,candidate_anomaly,pending,[],,[],unpaired,[],源 target_times 未能独立确认是实际 UTC 交易时间，timestamp 留空。
TXN-000567,"[""EVT-000023""]",Ethereum,0xd31b155e259a403ebe69831fae0ec2b4bd33dfa090c43b605a57d5c72c4fbbc7,,,,,"[""attack_seed""]",[],,candidate_anomaly,pending,[],,[],unpaired,"[""https://rekt.news/wormhole-rekt/"",""https://rekt.news/zh/wormhole-rekt""]",
TXN-000568,"[""EVT-000068""]",Ethereum,0xd324d819fa9f055c867927a52c7996eec89f519da3e2175e3bbf08ba8fd3116e,,,,,[],[],,excluded,pending,[],,[],unpaired,[],
TXN-000569,"[""EVT-000141""]",Ethereum,0xd3acc2659a3d40d1aa54419f2928b1b5c4efcb09067d69fd3ee6606a236b16dc,,,,,"[""Fund Transfer/Laundering""]","[""Abnormal Asset Transfer""]",,associated,pending,[],10,[],unpaired,"[""https://hacked.slowmist.io/?c=Bridge&page=2"",""https://ourcryptotalk.com/news/butter-bridge-exploit-mints-1-quadrillion-mapo-tokens""]",
TXN-000570,"[""EVT-000143""]",Ethereum,0xd3cdfa10be4f0cde6b3f294856a8bdd840983dcef29a5dc24c70c36e2d7f9ef0,,,,,"[""Asset Extraction""]","[""Abnormal Withdrawal/Release""]",,candidate_anomaly,pending,[],14.16,[],unpaired,"[""https://hacked.slowmist.io/?c=Bridge"",""https://www.quillaudits.com/blog/hack-analysis/gravity-bridge-demon-mapping-poisoning""]",
TXN-000571,"[""EVT-000079""]",Ethereum,0xd4a8fdebc1261b79c9d7f098988192e32d248d7dcbeb58e315f251c65bdc464a,,,,,"[""attack_seed""]",[],,candidate_anomaly,pending,[],,[],unpaired,"[""https://rekt.news/orbit-bridge-rekt/"",""https://t.me/s/OrbitChainChannel/950""]",
TXN-000572,"[""EVT-000007""]",Ethereum,0xd58d1ef6d6e49eb99d0524128c16115893396fd05877ef4856fce474b5ba09a7,,,,,"[""deposit"",""lock""]","[""Fake Lock Event"",""Insecure call permission"",""M5_source_authenticity""]",,candidate_anomaly,pending,[],,[],unpaired,[],源 target_times 未能独立确认是实际 UTC 交易时间，timestamp 留空。
TXN-000573,"[""EVT-000042""]",Ethereum,0xd5990a4d1195de927a61c4259d295a6b4ab3719d72f681055d601d26d1cbfca8,,,,,"[""mint_or_release"",""withdrawal""]",[],,candidate_anomaly,pending,[],202440725413;202440725413.0,[],unpaired,[],源 target_times 未能独立确认是实际 UTC 交易时间，timestamp 留空。
TXN-000574,"[""EVT-000024""]",Ethereum,0xd619ace8a8cca2f7eb72dbc0a896fc2d4d8b20aa11f4d747f1a5333305bbb875,,,,,"[""mint"",""withdraw""]","[""Fake Lock Event"",""Incorrect cross-chain business logic""]",,candidate_anomaly,pending,[],,[],unpaired,[],
TXN-000575,"[""EVT-000042""]",Ethereum,0xd66ddb38f38eb15645c4c894ede62f57936e358cb369dfcd9bae9aca9255af04,,,,,"[""mint_or_release"",""withdrawal""]",[],,candidate_anomaly,pending,[],202440725413;202440725413.0,[],unpaired,[],源 target_times 未能独立确认是实际 UTC 交易时间，timestamp 留空。
TXN-000576,"[""EVT-000007""]",Ethereum,0xd72f7cec0f035df194f917f3baacbde2fc8254391c81823b2bf20ad1069593a5,,,,,"[""deposit"",""lock"",""secondary"",""source-side""]","[""Attack contract emitted fake ETH deposits that Bifrost credited although value was diverted back to the attacker."",""Fake Lock Event"",""Insecure call permission"",""M5_source_authenticity""]",,candidate_anomaly,pending,[],,[],unpaired,"[""https://etherscan.io/tx/0xd72f7cec0f035df194f917f3baacbde2fc8254391c81823b2bf20ad1069593a5"",""https://github.com/Xscope-Tool/Results#thorchain--2"",""https://medium.com/thorchain/post-mortem-eth-router-exploits-1-2-and-premature-return-to-trading-incident-2908928c5fb""]",源 target_times 未能独立确认是实际 UTC 交易时间，timestamp 留空。
TXN-000577,"[""EVT-000141""]",Ethereum,0xd75ed589494f9b111c56b94a97ba96cb8adf5896c7066610d69f80e8f15e5148,,,,,"[""Fund Transfer/Laundering""]","[""Abnormal Asset Transfer""]",,associated,pending,[],10,[],unpaired,"[""https://hacked.slowmist.io/?c=Bridge&page=2"",""https://ourcryptotalk.com/news/butter-bridge-exploit-mints-1-quadrillion-mapo-tokens""]",
TXN-000578,"[""EVT-000004""]",Ethereum,0xd7d096412e7867fffb6eff252ea48706438f5b5d4e175e9d4a2ad7df0582a11b,,,,,"[""Withdraw"",""signed_receive""]","[""M6_target_release"",""Withdraw""]",,candidate_anomaly,pending,[],,[],unpaired,[],源 target_times 未能独立确认是实际 UTC 交易时间，timestamp 留空。
TXN-000579,"[""EVT-000147""]",Ethereum,0xd82b75e66a716e198b83288e14f8a5dc47be09dca8c8e96a0189c73ab1d5dd10,,,,,"[""Fund Transfer/Laundering""]","[""Abnormal Asset Transfer""]",,associated,pending,[],50,[],unpaired,"[""https://forum.scrt.network/t/security-incident-axelar-secret-ibc-bridge-exploit-june-10-2026/7995"",""https://hacked.slowmist.io/?c=Bridge""]",
TXN-000580,"[""EVT-000093""]",Ethereum,0xd82fe84e63b1aa52e1ce540582ee0895ba4a71ec5e7a632a3faa1aff3e763873,,,,,"[""unauthorized_interop_gateway_approval_drain""]",[],,candidate_anomaly,pending,[],,[],unpaired,"[""https://etherscan.io/tx/0xd82fe84e63b1aa52e1ce540582ee0895ba4a71ec5e7a632a3faa1aff3e763873"",""https://github.com/SunWeb3Sec/DeFiHackLabs/blob/main/src/test/2024-07/Lifiprotocol_exp.sol"",""https://li.fi/knowledge-hub/incident-report-16th-july"",""https://www.quillaudits.com/blog/hack-analysis/lifi-protocol-exploit""]",源 target_times 未能独立确认是实际 UTC 交易时间，timestamp 留空。
TXN-000581,"[""EVT-000068""]",Ethereum,0xd885ac96bcdb02d057273804e1f10d0e6d8d004a722b11553682c6c748dce994,,,,,"[""custody-outflow"",""secondary""]","[""Successful direct transfer moved 134.479999999999983616 YFI from the Multichain Fantom-bridge MPC/custody address to fresh recipient 0x9d57...2b68.""]",,candidate_anomaly,pending,[],,[],unpaired,"[""https://etherscan.io/tx/0xd885ac96bcdb02d057273804e1f10d0e6d8d004a722b11553682c6c748dce994"",""https://twitter.com/MultichainOrg/status/1677096839731097600"",""https://www.chaincatcher.com/article/2096407""]",源 target_times 未能独立确认是实际 UTC 交易时间，timestamp 留空。
TXN-000582,"[""EVT-000079""]",Ethereum,0xd8ca42941a0a2c25669267ad8d61f7f9f4118252cb502316602fe16624b80ac8,,,,,"[""attack_or_exploit_tx"",""destination-side"",""secondary"",""unauthorized_bridge_vault_withdrawal""]","[""Forged or otherwise unauthorized validator signatures accepted by the bridge withdrawal path."",""Orbit Bridge REKT""]",,candidate_anomaly,pending,[],,[],unpaired,"[""https://blog.solidityscan.com/orbit-chain-hack-analysis-b71c36a54a69"",""https://etherscan.io/tx/0xd8ca42941a0a2c25669267ad8d61f7f9f4118252cb502316602fe16624b80ac8"",""https://medium.com/orbit-chain/official-statement-regarding-orbit-bridge-exploit-551928f3dc52"",""https://rekt.news/orbit-bridge-rekt/"",""https://t.me/s/OrbitChainChannel/950""]",源 target_times 未能独立确认是实际 UTC 交易时间，timestamp 留空。
TXN-000583,"[""EVT-000042""]",Ethereum,0xd973ab610863c0ed4cf4a4f1b6b14bed84e69a24ab818542a43493e6793c6a30,,,,,"[""mint_or_release"",""withdrawal""]",[],,candidate_anomaly,pending,[],20000000000;20000000000.0,[],unpaired,[],源 target_times 未能独立确认是实际 UTC 交易时间，timestamp 留空。
TXN-000584,"[""EVT-000042""]",Ethereum,0xda0e1943f7e7dce705fa53c4852dcaafae19cfded6cbd7cc6f6b7e6301a4f1b2,,,,,"[""mint_or_release"",""withdrawal""]",[],,candidate_anomaly,pending,[],202440725413;202440725413.0,[],unpaired,[],源 target_times 未能独立确认是实际 UTC 交易时间，timestamp 留空。
TXN-000585,"[""EVT-000147""]",Ethereum,0xda267b41077da173007b33b2c953126a179557d3f425291fcf259cef25095bd6,,,,,"[""Fund Transfer/Laundering""]","[""Abnormal Asset Transfer""]",,associated,pending,[],90,[],unpaired,"[""https://forum.scrt.network/t/security-incident-axelar-secret-ibc-bridge-exploit-june-10-2026/7995"",""https://hacked.slowmist.io/?c=Bridge""]",
TXN-000586,"[""EVT-000147""]",Ethereum,0xda801555eb73f17733fe337b69a37761fa2fd4fe42eda20163dc6ef4ed6d93d8,,,,,"[""Fund Transfer/Laundering""]","[""Abnormal Asset Transfer""]",,associated,pending,[],70,[],unpaired,"[""https://forum.scrt.network/t/security-incident-axelar-secret-ibc-bridge-exploit-june-10-2026/7995"",""https://hacked.slowmist.io/?c=Bridge""]",
TXN-000587,"[""EVT-000068""]",Ethereum,0xda80a8c8d5a8fdf0208a6fd01c39af018e400763b1d08f3543f52353345fe62e,,,,,"[""custody-outflow"",""secondary""]","[""Successful direct transfer moved 7214.000000000000524288 WETH from the Multichain Fantom-bridge MPC/custody address to fresh recipient 0x418e...5bB7.""]",,candidate_anomaly,pending,[],,[],unpaired,"[""https://etherscan.io/tx/0xda80a8c8d5a8fdf0208a6fd01c39af018e400763b1d08f3543f52353345fe62e"",""https://twitter.com/MultichainOrg/status/1677096839731097600"",""https://www.chaincatcher.com/article/2096407""]",源 target_times 未能独立确认是实际 UTC 交易时间，timestamp 留空。
TXN-000588,"[""EVT-000042""]",Ethereum,0xdc5a2b67bfc4220185c06d6d3d32f5dfe88326ad004d864aa86e56912ea4c571,,,,,"[""mint_or_release"",""withdrawal""]",[],,candidate_anomaly,pending,[],1049947188403;1049947188403.0,[],unpaired,[],源 target_times 未能独立确认是实际 UTC 交易时间，timestamp 留空。
TXN-000589,"[""EVT-000068""]",Ethereum,0xdc9deaf5d2e5d96118f7fb79aeca0d5cb72413ad162fc8a27497aea9f942b967,,,,,"[""custody-outflow"",""secondary""]","[""Successful direct transfer moved 37578.7 USDT from the Multichain Fantom-bridge MPC/custody address to fresh recipient 0x538C...9D41 during the reported USDT drain.""]",,candidate_anomaly,pending,[],,[],unpaired,"[""https://etherscan.io/tx/0xdc9deaf5d2e5d96118f7fb79aeca0d5cb72413ad162fc8a27497aea9f942b967"",""https://twitter.com/MultichainOrg/status/1677096839731097600"",""https://www.chaincatcher.com/article/2096407""]",源 target_times 未能独立确认是实际 UTC 交易时间，timestamp 留空。
TXN-000590,"[""EVT-000042""]",Ethereum,0xdcb81fd2935e2cfa576bf9a6be42e1c490777e6cb7c625714953563abc95b452,,,,,"[""mint_or_release"",""withdrawal""]",[],,candidate_anomaly,pending,[],202440725413;202440725413.0,[],unpaired,[],源 target_times 未能独立确认是实际 UTC 交易时间，timestamp 留空。
TXN-000591,"[""EVT-000007""]",Ethereum,0xdd391866cfe27e2a2e17fe902106163b0a93d3cfeaa9707b555fb20ef3817d7d,,,,,"[""deposit"",""lock""]","[""Fake Lock Event"",""Insecure call permission"",""M5_source_authenticity""]",,candidate_anomaly,pending,[],,[],unpaired,[],源 target_times 未能独立确认是实际 UTC 交易时间，timestamp 留空。
TXN-000592,"[""EVT-000193""]",Ethereum,0xddf8c15880a20efa0f3964207d345ff71fbb9400032b5d33b9346876bd131dc2,,,,,"[""attack_seed""]",[],,candidate_anomaly,pending,[],,[],unpaired,"[""https://etherscan.io/address/0xe2307837524db8961c4541f943598654240bd62f""]",
TXN-000593,"[""EVT-000147""]",Ethereum,0xde42dd558e9ccd70978c20529afacf0a94565d04aa798d1e38c32b4959d73343,,,,,"[""Fund Transfer/Laundering""]","[""Abnormal Asset Transfer""]",,associated,pending,[],43633.36,[],unpaired,"[""https://forum.scrt.network/t/security-incident-axelar-secret-ibc-bridge-exploit-june-10-2026/7995"",""https://hacked.slowmist.io/?c=Bridge""]",
TXN-000594,"[""EVT-000066""]",Ethereum,0xdedda493272b6b35660b9cc9070d2ea32ee61279b821184ff837e0a5752f4042,,,,,"[""lock""]","[""Insecure call permission""]",,candidate_anomaly,pending,[],,[],unpaired,[],
TXN-000595,"[""EVT-000042""]",Ethereum,0xdf36b0920473b8c40412072d02f12d94e90136e4f05ffc212e097520e28e5bbb,,,,,"[""mint_or_release"",""withdrawal""]",[],,candidate_anomaly,pending,[],429496729600;429496729600.0,[],unpaired,[],源 target_times 未能独立确认是实际 UTC 交易时间，timestamp 留空。
TXN-000596,"[""EVT-000013""]",Ethereum,0xdf3afc47c7914e06ddb1be19afcd769e558111d353e55273a62c4a96e6a6090f,,,,,"[""attack_or_exploit_tx""]","[""Poly Network REKT""]",,candidate_anomaly,pending,[],,[],unpaired,[],
TXN-000597,"[""EVT-000042""]",Ethereum,0xdf6bef0d8c3de0a649622ce518f3da2e183744f895d83352302793389f2ac937,,,,,"[""attack_seed""]",[],,candidate_anomaly,pending,[],,[],unpaired,"[""https://de.fi/blog/report-49-billion-lost-in-crypto-in-2022-infographics-a2e83b662196""]",
TXN-000598,"[""EVT-000042""]",Ethereum,0xdf6bef0d8dee8b44863ac61092a711b877dcfe3d61da93d7289e0c6285af1b45,,,,,"[""mint_or_release"",""withdrawal""]",[],,candidate_anomaly,pending,[],202440725413;202440725413.0,[],unpaired,[],源 target_times 未能独立确认是实际 UTC 交易时间，timestamp 留空。
TXN-000599,"[""EVT-000042""]",Ethereum,0xdfd0a844e6eee910bb108a6ba42403596605667c72146065b2bba6292cae1081,,,,,"[""mint_or_release"",""withdrawal""]",[],,candidate_anomaly,pending,[],1049947188403;1049947188403.0,[],unpaired,[],源 target_times 未能独立确认是实际 UTC 交易时间，timestamp 留空。
TXN-000600,"[""EVT-000024""]",Ethereum,0xdfea6413c7eb3068093dcbbe65bcc9ba635e227c35e57fe482bb5923c89e31f7,,,,,"[""attack_or_exploit_tx"",""attack_seed"",""lock"",""secondary"",""source-side""]","[""Fake Lock Event"",""Incorrect cross-chain business logic"",""Repeated use of the vulnerable ordinary deposit entry point created another unbacked wrapped-native cross-chain claim""]",,candidate_anomaly,pending,[],,[],unpaired,"[""https://etherscan.io/tx/0xdfea6413c7eb3068093dcbbe65bcc9ba635e227c35e57fe482bb5923c89e31f7"",""https://medium.com/meter-io/post-mortem-report-meter-passport-12af6b50393d"",""https://www.panewslab.com/en/articledetails/1644135149852071.html"",""https://www.panewslab.com/zh-hant/articles/1644135149852071.html""]",源 target_times 未能独立确认是实际 UTC 交易时间，timestamp 留空。
TXN-000601,"[""EVT-000042""]",Ethereum,0xe0112511747dd3b0c300925878a05f4c6b77065be79bb214a822f11505256e0a,,,,,"[""mint_or_release"",""withdrawal""]",[],,candidate_anomaly,pending,[],200000000000000000000;2e+20,[],unpaired,[],源 target_times 未能独立确认是实际 UTC 交易时间，timestamp 留空。
TXN-000602,"[""EVT-000076""]",Ethereum,0xe021e1d8fd38a874de4713b7ce1aaffd646a135265826f6eb3232e05313b2d87,,,,,[],[],,candidate_anomaly,pending,[],,[],unpaired,"[""https://dn.institute/research/cyberattacks/incidents/2023-11-23-hecobridge/""]",
TXN-000603,"[""EVT-000029""]",Ethereum,0xe0669bbaaa12cf5ecc682848ddc373a9b86e1351bccc01092b744099bf52a87d,,,,,[],[],,candidate_anomaly,pending,[],,[],unpaired,"[""https://etherscan.io/tx/0xe0669bbaaa12cf5ecc682848ddc373a9b86e1351bccc01092b744099bf52a87d"",""https://rekt.news/ronin-rekt""]",
TXN-000604,"[""EVT-000191""]",Ethereum,0xe09d350d3a05fedb4d6b49b260d873980a0d5534f89b081c91a300f8915f14d7,,,,,"[""attack_seed""]",[],,candidate_anomaly,pending,[],,[],unpaired,"[""https://blog.verichains.io/p/when-the-bridge-is-the-risk""]",
TXN-000605,"[""EVT-000191""]",Ethereum,0xe09d350d8574ac1728ab5797e3aa46841f6c97239940db010943f23ad4acf7ae,,,,,"[""lock""]","[""Withdraw""]",,candidate_anomaly,pending,[],,[],unpaired,[],
TXN-000606,"[""EVT-000079""]",Ethereum,0xe0bada18fdc56dec125c31b1636490f85ba66016318060a066ed7050ff7271f9,,,,,"[""attack_or_exploit_tx"",""destination-side"",""secondary"",""unauthorized_bridge_vault_withdrawal""]","[""Forged or otherwise unauthorized validator signatures accepted by the bridge withdrawal path."",""Orbit Bridge REKT""]",,candidate_anomaly,pending,[],,[],unpaired,"[""https://blog.solidityscan.com/orbit-chain-hack-analysis-b71c36a54a69/"",""https://etherscan.io/tx/0xe0bada18fdc56dec125c31b1636490f85ba66016318060a066ed7050ff7271f9"",""https://github.com/SunWeb3Sec/DeFiHackLabs/blob/main/src/test/2024-01/OrbitChain_exp.sol"",""https://medium.com/orbit-chain/official-statement-regarding-orbit-bridge-exploit-551928f3dc52"",""https://t.me/s/OrbitChainChannel/950""]",源 target_times 未能独立确认是实际 UTC 交易时间，timestamp 留空。
TXN-000607,"[""EVT-000042""]",Ethereum,0xe1cceee349a5315617a71615d467939800731bf92f4cbe55760511068a309aae,,,,,"[""mint_or_release"",""withdrawal""]",[],,candidate_anomaly,pending,[],202440725413;202440725413.0,[],unpaired,[],源 target_times 未能独立确认是实际 UTC 交易时间，timestamp 留空。
TXN-000608,"[""EVT-000193""]",Ethereum,0xe1f375a47172b5612d96496a4599247049f07c9a7d518929fbe296b0c281e04d,,,,,"[""attack_seed""]",[],,candidate_anomaly,pending,[],,[],unpaired,"[""https://peckshield.medium.com/akropolis-incident-root-cause-analysis-c11ee59e05d4""]",
TXN-000609,"[""EVT-000131""]",Ethereum,0xe21c3603917d55641267b12b9a4539e6fa48f2b5b40f7afb50c0e6d46ce4d7f6,,,,,"[""attack_or_exploit_tx""]",[],,candidate_anomaly,pending,[],,[],unpaired,"[""https://www.blockaid.io/blog/how-a-single-layerzero-dvn-compromise-drained-292m-from-kelpdao""]",
TXN-000610,"[""EVT-000067""]",Ethereum,0xe280153aa5d9c6cc3aa2ae6713ad8f91889fa6007485eb54318bd957b74776da,,,,,"[""attack_or_exploit_tx""]","[""Poly Network Incident Analysis""]",,candidate_anomaly,pending,[],,[],unpaired,"[""https://www.certik.com/resources/blog/poly-network-incident-analysis""]",
TXN-000611,"[""EVT-000179""]",Ethereum,0xe2e035932cc6df3f2c231445d860a7daa8a23af1e783617a3a0abdb0f1cb72e0,,,,,"[""attack_seed""]",[],,candidate_anomaly,pending,[],,[],unpaired,"[""https://medium.com/88mphapp/the-88mph-wild-ride-e09ec56ed079""]",
TXN-000612,"[""EVT-000007""]",Ethereum,0xe30f53e7f8d153c50c53574b7055098ba5949948c33674ec779d19fee73170dc,,,,,"[""deposit"",""lock""]","[""Fake Lock Event"",""Insecure call permission"",""M5_source_authenticity""]",,candidate_anomaly,pending,[],,[],unpaired,[],源 target_times 未能独立确认是实际 UTC 交易时间，timestamp 留空。
TXN-000613,"[""EVT-000147""]",Ethereum,0xe3fc56ed4511414916f6e214c112a2f9c09fedf44d082a3fb24b04edbc5634ce,,,,,"[""Fund Transfer/Laundering""]","[""Abnormal Asset Transfer""]",,associated,pending,[],50,[],unpaired,"[""https://forum.scrt.network/t/security-incident-axelar-secret-ibc-bridge-exploit-june-10-2026/7995"",""https://hacked.slowmist.io/?c=Bridge""]",
TXN-000614,"[""EVT-000147""]",Ethereum,0xe40f58d2aa10d8e4aa4e8d577a51384aeff43ddec572a520ef6290502cc7133e,,,,,"[""Fund Transfer/Laundering""]","[""Abnormal Asset Transfer""]",,associated,pending,[],335.05,[],unpaired,"[""https://forum.scrt.network/t/security-incident-axelar-secret-ibc-bridge-exploit-june-10-2026/7995"",""https://hacked.slowmist.io/?c=Bridge""]",
TXN-000615,"[""EVT-000042""]",Ethereum,0xe429faca7e0571d1931988e9ad42019502b1306dc3d700eea0ac0d1d32fba7a9,,,,,"[""mint_or_release"",""withdrawal""]",[],,candidate_anomaly,pending,[],202440725413;202440725413.0,[],unpaired,[],源 target_times 未能独立确认是实际 UTC 交易时间，timestamp 留空。
TXN-000616,"[""EVT-000147""]",Ethereum,0xe49353d3a2b87d2f8ffaea85f26452d379ab186542b0bfeb552d5659efdf8967,,,,,"[""Fund Transfer/Laundering""]","[""Abnormal Asset Transfer""]",,associated,pending,[],4.134,[],unpaired,"[""https://forum.scrt.network/t/security-incident-axelar-secret-ibc-bridge-exploit-june-10-2026/7995"",""https://hacked.slowmist.io/?c=Bridge""]",
TXN-000617,"[""EVT-000007""]",Ethereum,0xe4efe2027d595a8fb454445275cd0c1942f6d3c436df7d020a0ae8170a790c41,,,,,"[""deposit"",""lock"",""primary"",""source-side""]","[""Fake Lock Event"",""Insecure call permission"",""M5_source_authenticity"",""The wrapper diverted msg.value back to the caller and invoked the Router with zero call value/deposit while Bifrost overrode the event amount with outer tx.value""]",,candidate_anomaly,pending,[],,[],unpaired,"[""https://blog.thorchain.org/post-mortem-eth-router-exploits-1-2-and-premature-return-to-trading-incident/"",""https://etherscan.io/tx/0xe4efe2027d595a8fb454445275cd0c1942f6d3c436df7d020a0ae8170a790c41"",""https://rekt.news/thorchain-rekt""]",源 target_times 未能独立确认是实际 UTC 交易时间，timestamp 留空。
TXN-000618,"[""EVT-000007""]",Ethereum,0xe71529643934723a0da66825e51d3c0fcacda791be724f633ad7987ab58a5c13,,,,,"[""deposit"",""lock""]","[""Fake Lock Event"",""Insecure call permission"",""M5_source_authenticity""]",,candidate_anomaly,pending,[],,[],unpaired,[],源 target_times 未能独立确认是实际 UTC 交易时间，timestamp 留空。
TXN-000619,"[""EVT-000007""]",Ethereum,0xe7363af16e5cdc56f2743a3b78258934695c6b091b3345af9cd286411cf93088,,,,,"[""deposit"",""lock""]","[""Fake Lock Event"",""Insecure call permission"",""M5_source_authenticity""]",,candidate_anomaly,pending,[],,[],unpaired,[],源 target_times 未能独立确认是实际 UTC 交易时间，timestamp 留空。
TXN-000620,"[""EVT-000042""]",Ethereum,0xe7fd692fcfae783149b695fc908c865669cc2be808ab47faabfe672eb014158c,,,,,"[""process_release"",""withdraw"",""withdrawal""]","[""M1_control_plane"",""Off-chain""]",,candidate_anomaly,pending,[],200000000000000000000;2e+20,[],unpaired,[],源 target_times 未能独立确认是实际 UTC 交易时间，timestamp 留空。
TXN-000621,"[""EVT-000007""]",Ethereum,0xe8091da4913917336b071a1001517f9c4431586a2e57899acbfd8759ce5c051f,,,,,"[""deposit"",""lock""]","[""Fake Lock Event"",""Insecure call permission"",""M5_source_authenticity""]",,candidate_anomaly,pending,[],,[],unpaired,[],源 target_times 未能独立确认是实际 UTC 交易时间，timestamp 留空。
TXN-000622,"[""EVT-000108""]",Ethereum,0xe882a83afb92d6070b848ef025ae699ec043b7c2f31b21d2a08c94306f9b817e,,,,,[],[],,candidate_anomaly,pending,[],,[],unpaired,"[""https://www.coindesk.com/markets/2025/09/13/bone-price-surges-40-after-shibarium-flash-loan-exploit/""]",
TXN-000623,"[""EVT-000141""]",Ethereum,0xe97cf4d50c0b1ed9e131bdaa89192feba5142da80655ca4eb956462b8f003109,,,,,"[""Fund Transfer/Laundering""]","[""Abnormal Asset Transfer""]",,associated,pending,[],10,[],unpaired,"[""https://hacked.slowmist.io/?c=Bridge&page=2"",""https://ourcryptotalk.com/news/butter-bridge-exploit-mints-1-quadrillion-mapo-tokens""]",
TXN-000624,"[""EVT-000122""]",Ethereum,0xe9e7f33ebfe2230c147e6e0321f5f2c7de1b89fe9fc08830fc3f8ac5845bc9f0,,,,,[],[],,candidate_anomaly,pending,[],,[],unpaired,"[""https://nomoslabs.io/archive/iotex-2026""]",
TXN-000625,"[""EVT-000193""]",Ethereum,0xea0ae3796592b3f8fdd6c60756e624bc8b93546cd819ff2742d16730d3f21870,,,,,"[""attack_seed""]",[],,candidate_anomaly,pending,[],,[],unpaired,"[""https://etherscan.io/address/0xe2307837524db8961c4541f943598654240bd62f""]",
TXN-000626,"[""EVT-000022""]",Ethereum,0xeb9f622e54253b3fa14dcee243bc9345a8fbc562168e973093ffc86d7f8a5829,,,,,"[""attack_seed"",""lock"",""source_deposit""]","[""Fake Lock Event"",""M5_source_authenticity"",""Unrealized fallback logic""]",,candidate_anomaly,pending,[],,[],unpaired,"[""https://qbt.wiki/en/incident/technical-analysis/""]",源 target_times 未能独立确认是实际 UTC 交易时间，timestamp 留空。
TXN-000627,"[""EVT-000005""]",Ethereum,0xecaaf8b57b6587412242fdc040bd6cc084077a07f4def24b4adae6fbe8254ae3,,,,,"[""attack_seed"",""custody-outflow"",""lock"",""secondary"",""unauthorized_pool_withdrawal"",""withdraw""]","[""Insecure call permission"",""Off-chain"",""Repeated ECDSA nonce exposed the V3 Router MPC private key"",""attacker signed unauthorized pool withdrawals.""]",,candidate_anomaly,pending,[],,[],unpaired,"[""https://etherscan.io/tx/0xecaaf8b57b6587412242fdc040bd6cc084077a07f4def24b4adae6fbe8254ae3"",""https://medium.com/multichainorg/anyswap-multichain-router-v3-exploit-statement-6833f1b7e6fb"",""https://rekt.news/anyswap-rekt/""]",源 target_times 未能独立确认是实际 UTC 交易时间，timestamp 留空。
TXN-000628,"[""EVT-000042""]",Ethereum,0xed26708a7335116bdb0673f32ace7c2f329fe3cd349e200447210f1721f335f0,,,,,[],[],,excluded,pending,[],,[],unpaired,"[""https://etherscan.io/tx/0xed26708a7335116bdb0673f32ace7c2f329fe3cd349e200447210f1721f335f0""]",
TXN-000629,"[""EVT-000029""]",Ethereum,0xed2c3d0438c715e4f14eb9d51d3720669c8ad5012a9460f13c0f02b6b9e8bc8d,,,,,"[""attack_seed""]",[],,candidate_anomaly,pending,[],,[],unpaired,"[""https://rekt.news/ronin-rekt/""]",
TXN-000630,"[""EVT-000029""]",Ethereum,0xed2c72ef1a552ddaec6dd1f5cddf0b59a8f37f82bdda5257d9c7c37db7bb9b08,,,,,"[""destination-side"",""mint_or_release"",""secondary"",""withdraw""]","[""Off-chain"",""Same compromised-validator signature mechanism invoked withdrawERC20For for USDC""]",,candidate_anomaly,pending,[],25500000000000,[],unpaired,"[""https://blog.roninchain.com/p/the-ronin-bridge-is-open-"",""https://eth.blockscout.com/api/v2/transactions/0xed2c72ef1a552ddaec6dd1f5cddf0b59a8f37f82bdda5257d9c7c37db7bb9b08"",""https://etherscan.io/tx/0xed2c72ef1a552ddaec6dd1f5cddf0b59a8f37f82bdda5257d9c7c37db7bb9b08"",""https://rekt.news/ronin-rekt"",""https://www.sharkteam.org/report/analysis/20220330001A_en.pdf""]",源 target_times 未能独立确认是实际 UTC 交易时间，timestamp 留空。
TXN-000631,"[""EVT-000042""]",Ethereum,0xed53c70d1338099fd4089f7eae9d20d699e54ee64ce206b52bca0b6247cb12d8,,,,,"[""mint_or_release"",""withdrawal""]",[],,candidate_anomaly,pending,[],202440725413;202440725413.0,[],unpaired,[],源 target_times 未能独立确认是实际 UTC 交易时间，timestamp 留空。
TXN-000632,"[""EVT-000042""]",Ethereum,0xed5cdb96e9971bb45640b5edb56ac8ffc478b596ab7a9820f5096f5e4e83d6d6,,,,,"[""mint_or_release"",""withdrawal""]",[],,candidate_anomaly,pending,[],1049947188403;1049947188403.0,[],unpaired,[],源 target_times 未能独立确认是实际 UTC 交易时间，timestamp 留空。
TXN-000633,"[""EVT-000079""]",Ethereum,0xedfcdeb75878b44228978bc336ce78b262496236a765fe70f9e95335d20b1408,,,,,[],[],,excluded,pending,[],,[],unpaired,"[""https://etherscan.io/tx/0xedfcdeb75878b44228978bc336ce78b262496236a765fe70f9e95335d20b1408"",""https://t.me/s/OrbitChainChannel/950""]",
TXN-000634,"[""EVT-000079""]",Ethereum,0xedfcdeb97c57a106067315afd364af361b20f0cf1a10070db57241a5e11913f4,,,,,"[""attack_or_exploit_tx""]","[""Orbit Bridge REKT""]",,candidate_anomaly,pending,[],,[],unpaired,[],
TXN-000635,"[""EVT-000079""]",Ethereum,0xeeb2b28b3a20a0b81b6094bcd0b220fb6e696d76b070c78dbabe8f539bde0f6c,,,,,[],[],,candidate_anomaly,pending,[],,[],unpaired,"[""https://dn.institute/research/cyberattacks/incidents/2023-12-31-orbit-bridge/""]",
TXN-000636,"[""EVT-000042""]",Ethereum,0xef73e48c1be5f0254125db589e60b2854b90f98d369c9cf2aae49ba7d51f6257,,,,,"[""message-processing"",""mint_or_release"",""secondary"",""withdrawal""]","[""Zero-root proof bypass let the Replica process an unauthorized message and release bridge assets""]",,candidate_anomaly,pending,[],300000000;300000000.0,[],unpaired,"[""https://etherscan.io/tx/0xef73e48c1be5f0254125db589e60b2854b90f98d369c9cf2aae49ba7d51f6257"",""https://github.com/nomad-xyz/hack-data/blob/main/analysis/hack/transaction_hashes.json""]",源 target_times 未能独立确认是实际 UTC 交易时间，timestamp 留空。
TXN-000637,"[""EVT-000042""]",Ethereum,0xf0333af2222f0775871b39a3c0dcef30f0e0f63f0ee8afd30fd5af9e2e9d1d98,,,,,"[""mint_or_release"",""withdrawal""]",[],,candidate_anomaly,pending,[],202440725413;202440725413.0,[],unpaired,[],源 target_times 未能独立确认是实际 UTC 交易时间，timestamp 留空。
TXN-000638,"[""EVT-000147""]",Ethereum,0xf05277c58cb0e048b7ce49c2ed4351ab62f5e2c2cc2c698fc8746acf179c7593,,,,,"[""Fund Transfer/Laundering""]","[""Abnormal Asset Transfer""]",,associated,pending,[],6.6204,[],unpaired,"[""https://forum.scrt.network/t/security-incident-axelar-secret-ibc-bridge-exploit-june-10-2026/7995"",""https://hacked.slowmist.io/?c=Bridge""]",
TXN-000639,"[""EVT-000147""]",Ethereum,0xf220257edbe524738207e05f28fef9e58c7ae9d4c741c16974a84cce6b85e60c,,,,,"[""Fund Transfer/Laundering""]","[""Abnormal Asset Transfer""]",,associated,pending,[],80,[],unpaired,"[""https://forum.scrt.network/t/security-incident-axelar-secret-ibc-bridge-exploit-june-10-2026/7995"",""https://hacked.slowmist.io/?c=Bridge""]",
TXN-000640,"[""EVT-000068""]",Ethereum,0xf23d34a8d14baba534095a809f5d43588e1812b75408118b1704bfe9c4331f38,,,,,"[""custody-outflow"",""secondary""]","[""Successful direct transfer moved 9674426.000000000693633024 WOO from the Multichain Fantom-bridge MPC/custody address to fresh recipient 0x9d57...2b68.""]",,candidate_anomaly,pending,[],,[],unpaired,"[""https://etherscan.io/tx/0xf23d34a8d14baba534095a809f5d43588e1812b75408118b1704bfe9c4331f38"",""https://twitter.com/MultichainOrg/status/1677096839731097600"",""https://www.chaincatcher.com/article/2096407""]",源 target_times 未能独立确认是实际 UTC 交易时间，timestamp 留空。
TXN-000641,"[""EVT-000022""]",Ethereum,0xf56fe06b0e7af7ef393fe0fa15aa173891940f800c3ac14db7a81c62ebad9663,,,,,"[""attack_seed"",""lock"",""source_deposit""]","[""Fake Lock Event"",""M5_source_authenticity"",""Unrealized fallback logic""]",,candidate_anomaly,pending,[],,[],unpaired,"[""https://qbt.wiki/en/incident/technical-analysis/""]",源 target_times 未能独立确认是实际 UTC 交易时间，timestamp 留空。
TXN-000642,"[""EVT-000184""]",Ethereum,0xf5a698984485d01e09744e8d7b8ca15cd29aa430a0137349c8c9e19e60c0bb9d,,,,,"[""attack_seed""]",[],,candidate_anomaly,pending,[],,[],unpaired,"[""https://medium.com/@nvy_0x/the-beanstalk-bean-exploit-b038f4d324ea""]",
TXN-000643,"[""EVT-000042""]",Ethereum,0xf5c83c74b438e0a5c8760ec9ea547c25077a348079fa8dbb5969cf0ea5ce6582,,,,,"[""mint_or_release"",""withdrawal""]",[],,candidate_anomaly,pending,[],1049947188403;1049947188403.0,[],unpaired,[],源 target_times 未能独立确认是实际 UTC 交易时间，timestamp 留空。
TXN-000644,"[""EVT-000147""]",Ethereum,0xf62812cc55a2485a0ab6612b46bb2d48840f13cb5a61e72bd283e4b5e618a4ec,,,,,"[""Fund Transfer/Laundering""]","[""Abnormal Asset Transfer""]",,associated,pending,[],50,[],unpaired,"[""https://forum.scrt.network/t/security-incident-axelar-secret-ibc-bridge-exploit-june-10-2026/7995"",""https://hacked.slowmist.io/?c=Bridge""]",
TXN-000645,"[""EVT-000042""]",Ethereum,0xf76e2dbdf258727b07d74eb329fa2cb001e4b3b4313df030c6191cffe811a749,,,,,"[""mint_or_release"",""withdrawal""]",[],,candidate_anomaly,pending,[],100000000000000000000;1e+20,[],unpaired,[],源 target_times 未能独立确认是实际 UTC 交易时间，timestamp 留空。
TXN-000646,"[""EVT-000042""]",Ethereum,0xf78443c5e1f0ffe08761c831b30aeee2160d11401dbd8c024c3a76d367a558a4,,,,,"[""mint_or_release"",""withdrawal""]",[],,candidate_anomaly,pending,[],202440725413;202440725413.0,[],unpaired,[],源 target_times 未能独立确认是实际 UTC 交易时间，timestamp 留空。
TXN-000647,"[""EVT-000141""]",Ethereum,0xf7d46fa31a273fbfd5f11c9c1c57179a8fb722cec51d817ad7e8ff8aa31206d3,,,,,"[""Asset Extraction""]","[""Market/Liquidity Manipulation""]",,candidate_anomaly,pending,"[{""asset"":""ETH"",""amount"":""52.210047945812131055""}]",52.210047945812131055 ETH,[],unpaired,"[""https://hacked.slowmist.io/?c=Bridge&page=2"",""https://ourcryptotalk.com/news/butter-bridge-exploit-mints-1-quadrillion-mapo-tokens""]",
TXN-000648,"[""EVT-000176""]",Ethereum,0xf867d1d7164ac9178d81696c989f65e817b8cab14850345ab3a1f99bbe547210,,,,,"[""attack_or_exploit_tx""]","[""JFIN Exploit Analysis""]",,candidate_anomaly,pending,[],,[],unpaired,[],
TXN-000649,"[""EVT-000190""]",Ethereum,0xf8f097982bc0f9a8f4279d4132dc91cfe17ab2d4fc70e7f740bc3ed752165601,,,,,[],[],,candidate_anomaly,pending,[],,[],unpaired,"[""https://rekt.news/roninnetwork-rektII""]",
TXN-000650,"[""EVT-000004""]",Ethereum,0xf9c1cc5be17443ffa8a955576dad0b2e52bf9d396ad9297e17278874ee925bbd,,,,,"[""Withdraw"",""signed_receive""]","[""M6_target_release"",""Withdraw""]",,candidate_anomaly,pending,[],,[],unpaired,[],源 target_times 未能独立确认是实际 UTC 交易时间，timestamp 留空。
TXN-000651,"[""EVT-000004""]",Ethereum,0xf9fb90e60f7a273fd7277c6d77f51e2e6826069b927b1a9b697ac385c31d2ca4,,,,,"[""Withdraw"",""local_disposition_or_other_version""]","[""M6_target_release"",""Withdraw""]",,candidate_anomaly,pending,[],,[],unpaired,[],源 target_times 未能独立确认是实际 UTC 交易时间，timestamp 留空。
TXN-000652,"[""EVT-000004""]",Ethereum,0xfb0742f691749285a3efc767c4606938b8fd12e7e707d83f382a862322f2c1b7,,,,,"[""Withdraw"",""local_disposition_or_other_version""]","[""M6_target_release"",""Withdraw""]",,candidate_anomaly,pending,[],,[],unpaired,[],源 target_times 未能独立确认是实际 UTC 交易时间，timestamp 留空。
TXN-000653,"[""EVT-000147""]",Ethereum,0xfc20603752515f108f404c33e00a69a8a3d4a968b7c1c1fead1976f84e93bc0f,,,,,"[""Fund Transfer/Laundering""]","[""Abnormal Asset Transfer""]",,associated,pending,[],100,[],unpaired,"[""https://forum.scrt.network/t/security-incident-axelar-secret-ibc-bridge-exploit-june-10-2026/7995"",""https://hacked.slowmist.io/?c=Bridge""]",
TXN-000654,"[""EVT-000143""]",Ethereum,0xfce883a8f9a4f3479cce1368b99287973ab40451ac092f5a41e1e09eecab5044,,,,,"[""Asset Extraction""]","[""Abnormal Withdrawal/Release""]",,candidate_anomaly,pending,[],4349701,[],unpaired,"[""https://hacked.slowmist.io/?c=Bridge"",""https://www.quillaudits.com/blog/hack-analysis/gravity-bridge-demon-mapping-poisoning""]",
TXN-000655,"[""EVT-000042""]",Ethereum,0xfd1df1ec1d959e3b303796e9360e817dd87f4bec4e530668ca02086847749f8e,,,,,"[""mint_or_release"",""withdrawal""]",[],,candidate_anomaly,pending,[],1049947188403;1049947188403.0,[],unpaired,[],源 target_times 未能独立确认是实际 UTC 交易时间，timestamp 留空。
TXN-000656,"[""EVT-000042""]",Ethereum,0xfd8e6bad22affe5461ac78f316be782ad28bb975ff6f0942bbb983bb4a5f2a0b,,,,,"[""mint_or_release"",""withdrawal""]",[],,candidate_anomaly,pending,[],202440725413;202440725413.0,[],unpaired,[],源 target_times 未能独立确认是实际 UTC 交易时间，timestamp 留空。
TXN-000657,"[""EVT-000184""]",Ethereum,0xfdd9acbc3fae083d572a2b178c8ca74a63915841a8af572a10d0055dbe91d219,,,,,"[""attack_seed""]",[],,candidate_anomaly,pending,[],,[],unpaired,"[""https://medium.com/@nvy_0x/the-beanstalk-bean-exploit-b038f4d324ea""]",
TXN-000658,"[""EVT-000042""]",Ethereum,0xfe330dcc25110e3999c9813ea9933a216e64f6d5d1579be103122a53b1d2407a,,,,,"[""mint_or_release"",""withdrawal""]",[],,candidate_anomaly,pending,[],1.21387701073e+23;121387701073000000000000,[],unpaired,[],源 target_times 未能独立确认是实际 UTC 交易时间，timestamp 留空。
TXN-000659,"[""EVT-000007""]",Ethereum,0xfe4b3fe42ef4edc9a33791dc415d7bf22bf0c4a77b270a46b06f2ec4f5664313,,,,,"[""deposit"",""lock""]","[""Fake Lock Event"",""Insecure call permission"",""M5_source_authenticity""]",,candidate_anomaly,pending,[],,[],unpaired,[],源 target_times 未能独立确认是实际 UTC 交易时间，timestamp 留空。
TXN-000660,"[""EVT-000007""]",Ethereum,0xfe739dc4092785b9024c60cd94ea2ab3368c69c7e471aa9facb95106650390c6,,,,,"[""deposit"",""lock"",""secondary"",""source-side""]","[""Attack contract emitted fake ETH deposits that Bifrost credited although value was diverted back to the attacker."",""Fake Lock Event"",""Insecure call permission"",""M5_source_authenticity""]",,candidate_anomaly,pending,[],,[],unpaired,"[""https://etherscan.io/tx/0xfe739dc4092785b9024c60cd94ea2ab3368c69c7e471aa9facb95106650390c6"",""https://github.com/Xscope-Tool/Results#thorchain--2"",""https://medium.com/thorchain/post-mortem-eth-router-exploits-1-2-and-premature-return-to-trading-incident-2908928c5fb""]",源 target_times 未能独立确认是实际 UTC 交易时间，timestamp 留空。
TXN-000661,"[""EVT-000007""]",Ethereum,0xfe9597c29e557bdc31fbe31bb4709d57457023b9e66c4ad7ebe443c39b10d8ca,,,,,"[""deposit"",""lock"",""secondary"",""source-side""]","[""Attack contract emitted fake ETH deposits that Bifrost credited although value was diverted back to the attacker."",""Fake Lock Event"",""Insecure call permission"",""M5_source_authenticity""]",,candidate_anomaly,pending,[],,[],unpaired,"[""https://etherscan.io/tx/0xfe9597c29e557bdc31fbe31bb4709d57457023b9e66c4ad7ebe443c39b10d8ca"",""https://github.com/Xscope-Tool/Results#thorchain--2"",""https://medium.com/thorchain/post-mortem-eth-router-exploits-1-2-and-premature-return-to-trading-incident-2908928c5fb""]",源 target_times 未能独立确认是实际 UTC 交易时间，timestamp 留空。
TXN-000662,"[""EVT-000042""]",Ethereum,0xfff02d5797ae4d5737dc86b36f8ab30737d4a0f5febef2a221664c6641d5d35d,,,,,"[""message-processing"",""mint_or_release"",""secondary"",""withdrawal""]","[""Zero-root proof bypass enabled processing of an unauthorized/copycat bridge message and direct asset release""]",,candidate_anomaly,pending,[],10000000000;10000000000.0,[],unpaired,"[""https://etherscan.io/tx/0xfff02d5797ae4d5737dc86b36f8ab30737d4a0f5febef2a221664c6641d5d35d"",""https://github.com/nomad-xyz/hack-data/blob/main/analysis/hack/transaction_hashes.json"",""https://www.coinbase.com/en-gb/blog/nomad-bridge-incident-analysis""]",源 target_times 未能独立确认是实际 UTC 交易时间，timestamp 留空。
TXN-000663,"[""EVT-000005""]",Fantom,0x7312936a28b143d797b4860cf1d36ad2cc951fdbe0f04ddfeddae7499d8368f8,,,,,"[""attack_seed"",""lock"",""secondary"",""unauthorized_pool_withdrawal"",""withdraw""]","[""Insecure call permission"",""Off-chain"",""Repeated ECDSA nonce exposed the V3 Router MPC private key"",""attacker signed unauthorized pool withdrawals.""]",,candidate_anomaly,pending,[],,[],unpaired,"[""https://ftmscan.com/tx/0x7312936a28b143d797b4860cf1d36ad2cc951fdbe0f04ddfeddae7499d8368f8"",""https://medium.com/multichainorg/anyswap-multichain-router-v3-exploit-statement-6833f1b7e6fb"",""https://rekt.news/anyswap-rekt/""]",源 target_times 未能独立确认是实际 UTC 交易时间，timestamp 留空。
TXN-000664,"[""EVT-000143""]",Gravity,14BC7A377F959973613473A5EFB623D4011AED86BE00D68B782DB6D6720F9A37,,,,,"[""Exploitation""]","[""Protocol-state Manipulation""]",,candidate_anomaly,pending,[],未核实,[],unpaired,"[""https://hacked.slowmist.io/?c=Bridge"",""https://www.quillaudits.com/blog/hack-analysis/gravity-bridge-demon-mapping-poisoning""]",
TXN-000665,"[""EVT-000143""]",Gravity,388112D6C4BEDD74D34157AEC689195B942A8EDC4F476C4230C638CDF399E499,,,,,"[""Exploitation""]","[""Protocol-state Manipulation""]",,candidate_anomaly,pending,[],未核实,[],unpaired,"[""https://hacked.slowmist.io/?c=Bridge"",""https://www.quillaudits.com/blog/hack-analysis/gravity-bridge-demon-mapping-poisoning""]",
TXN-000666,"[""EVT-000143""]",Gravity,786C41F0B9DA6EB8F59A1BC3299504AE47EFC4BBAB13673E391E307DB1BCEE49,,,,,"[""Exploitation""]","[""Protocol-state Manipulation""]",,candidate_anomaly,pending,[],未核实,[],unpaired,"[""https://hacked.slowmist.io/?c=Bridge"",""https://www.quillaudits.com/blog/hack-analysis/gravity-bridge-demon-mapping-poisoning""]",
TXN-000667,"[""EVT-000143""]",Gravity,9DF358F96E2BDE91FA96D1CC1CBEBE42E5CA2DD2F5745CD2ADA2591751101A9D,,,,,"[""Exploitation""]","[""Protocol-state Manipulation""]",,candidate_anomaly,pending,[],未核实,[],unpaired,"[""https://hacked.slowmist.io/?c=Bridge"",""https://www.quillaudits.com/blog/hack-analysis/gravity-bridge-demon-mapping-poisoning""]",
TXN-000668,"[""EVT-000024""]",Meter Network,0xa3ccada567ecfbb1250bf4c02676d366bfd047ae74bd674b7e184a5b89c8f5fb,,,,,"[""withdraw""]","[""Fake Lock Event""]",,candidate_anomaly,pending,[],,[],unpaired,[],
TXN-000669,"[""EVT-000024""]",Moonriver,0x689ff22ebf7f7aa6ecf0d60345979855442a09dfb7439c8553b2369e6e130409,,,,,"[""withdraw""]","[""Fake Lock Event""]",,candidate_anomaly,pending,[],,[],unpaired,[],
TXN-000670,"[""EVT-000024""]",Moonriver,0xc7f764644e9af42714d98763b7e8dcf5e1de6b855b63e2c6ff2438e09b61ccc7,,,,,"[""withdraw""]","[""Fake Lock Event""]",,candidate_anomaly,pending,[],,[],unpaired,[],
TXN-000671,"[""EVT-000089""]",Optimism,0x12770a7284c8c89f19489e125376dda48afa4d7662a1c5b32872c83adda890e2,,,,,"[""forged_cctp_exploit_execution""]",[],,candidate_anomaly,pending,[],,[],unpaired,[],源 target_times 未能独立确认是实际 UTC 交易时间，timestamp 留空。
TXN-000672,"[""EVT-000147""]",Secret Network,01526FA5A35AB071ABF66F8F3F3F390EA62356EA2CF8B54B219F5DE974532DE6,,,,,"[""Exploitation""]","[""Abnormal Mint/Burn""]",,candidate_anomaly,pending,[],1121270.052077,[],unpaired,"[""https://forum.scrt.network/t/security-incident-axelar-secret-ibc-bridge-exploit-june-10-2026/7995"",""https://hacked.slowmist.io/?c=Bridge""]",
TXN-000673,"[""EVT-000147""]",Secret Network,22ABA9D6565A38293F0EADD94A64B71331EAF6F738A5A449D3FA070B4ABBBFCF,,,,,"[""Asset Extraction""]","[""Abnormal Asset Transfer""]",,candidate_anomaly,pending,[],170.764596,"[{""chain"":""Axelar"",""tx_hash"":""4A2A0D419B2F9C3BEDE6EEE9918C59AE7F04EF36080BC486D003394BE8083470""}]",report_supported,"[""https://forum.scrt.network/t/security-incident-axelar-secret-ibc-bridge-exploit-june-10-2026/7995"",""https://hacked.slowmist.io/?c=Bridge""]",
TXN-000674,"[""EVT-000147""]",Secret Network,44F1987A795B2871F7D49F1F21D76507D60C89AD8E35C9BF67683A84A797640E,,,,,"[""Exploitation""]","[""Abnormal Mint/Burn""]",,candidate_anomaly,pending,[],17.656075,[],unpaired,"[""https://forum.scrt.network/t/security-incident-axelar-secret-ibc-bridge-exploit-june-10-2026/7995"",""https://hacked.slowmist.io/?c=Bridge""]",
TXN-000675,"[""EVT-000147""]",Secret Network,45C2E2853A3DEBC558DFDB5E0316F79B6D3122A2EB0455059FD4744F7E857B64,,,,,"[""Asset Extraction""]","[""Abnormal Asset Transfer""]",,candidate_anomaly,pending,[],893.468984,"[{""chain"":""Axelar"",""tx_hash"":""C03B1FE0EEF40EB3765A6FD93F26FF1CCAF10B569C18B15A0D57B4324D8C2EC3""}]",report_supported,"[""https://forum.scrt.network/t/security-incident-axelar-secret-ibc-bridge-exploit-june-10-2026/7995"",""https://hacked.slowmist.io/?c=Bridge""]",
TXN-000676,"[""EVT-000147""]",Secret Network,46AEC0D51571338AA0ECE204CD963BD9576E3F1193D0E5222517C5813ADB2DFB,,,,,"[""Exploitation""]","[""Abnormal Mint/Burn""]",,candidate_anomaly,pending,[],174536.475914,[],unpaired,"[""https://forum.scrt.network/t/security-incident-axelar-secret-ibc-bridge-exploit-june-10-2026/7995"",""https://hacked.slowmist.io/?c=Bridge""]",
TXN-000677,"[""EVT-000147""]",Secret Network,4A0CC8681376AEA9E52C5812E661F880B207061799E6CF84D50B7FDD4C9283A0,,,,,"[""Exploitation""]","[""Abnormal Mint/Burn""]",,candidate_anomaly,pending,[],893.468984,[],unpaired,"[""https://forum.scrt.network/t/security-incident-axelar-secret-ibc-bridge-exploit-june-10-2026/7995"",""https://hacked.slowmist.io/?c=Bridge""]",
TXN-000678,"[""EVT-000147""]",Secret Network,842CCB7514F4F7527E10C590C32526DDF4CFBC3CCA099B3B5EE14901AB5B3A18,,,,,"[""Asset Extraction""]","[""Abnormal Asset Transfer""]",,candidate_anomaly,pending,[],638198.653186,"[{""chain"":""Axelar"",""tx_hash"":""C03B1FE0EEF40EB3765A6FD93F26FF1CCAF10B569C18B15A0D57B4324D8C2EC3""}]",report_supported,"[""https://forum.scrt.network/t/security-incident-axelar-secret-ibc-bridge-exploit-june-10-2026/7995"",""https://hacked.slowmist.io/?c=Bridge""]",
TXN-000679,"[""EVT-000147""]",Secret Network,86B7F03213E6D2272768742A36BBE1AD4A8A54311980D768D0721AE0CDF7D05F,,,,,"[""Asset Extraction""]","[""Abnormal Asset Transfer""]",,candidate_anomaly,pending,[],17.656075,"[{""chain"":""Axelar"",""tx_hash"":""4A2A0D419B2F9C3BEDE6EEE9918C59AE7F04EF36080BC486D003394BE8083470""}]",report_supported,"[""https://forum.scrt.network/t/security-incident-axelar-secret-ibc-bridge-exploit-june-10-2026/7995"",""https://hacked.slowmist.io/?c=Bridge""]",
TXN-000680,"[""EVT-000147""]",Secret Network,872D4FFCFDD34B5396E494E32CF59ED4D15E04690DDA69EC601414C585ED1313,,,,,"[""Exploitation""]","[""Abnormal Mint/Burn""]",,candidate_anomaly,pending,[],170.764596,[],unpaired,"[""https://forum.scrt.network/t/security-incident-axelar-secret-ibc-bridge-exploit-june-10-2026/7995"",""https://hacked.slowmist.io/?c=Bridge""]",
TXN-000681,"[""EVT-000147""]",Secret Network,AE894827FEA3421DCA4F593765D5C7B7602C8CBF5E2994894F031BD13C4BC351,,,,,"[""Exploitation""]","[""Abnormal Mint/Burn""]",,candidate_anomaly,pending,[],16.536059,[],unpaired,"[""https://forum.scrt.network/t/security-incident-axelar-secret-ibc-bridge-exploit-june-10-2026/7995"",""https://hacked.slowmist.io/?c=Bridge""]",
TXN-000682,"[""EVT-000147""]",Secret Network,D0BF6C27028D574591DFC25E4D68E0889BE41727265489752F35DBBBF702C3C2,,,,,"[""Asset Extraction""]","[""Abnormal Asset Transfer""]",,candidate_anomaly,pending,[],16.536059,"[{""chain"":""Axelar"",""tx_hash"":""22BE928EBFCCF578E4F703C2EF7822FBDD5B543D94F677B7FD82B78B8E74C1D9""}]",report_supported,"[""https://forum.scrt.network/t/security-incident-axelar-secret-ibc-bridge-exploit-june-10-2026/7995"",""https://hacked.slowmist.io/?c=Bridge""]",
TXN-000683,"[""EVT-000147""]",Secret Network,DC4529F30175A7FAEF332FEEE86A5FE1F4D9DE56B144A549CCE620E64039BB42,,,,,"[""Exploitation""]","[""Abnormal Mint/Burn""]",,candidate_anomaly,pending,[],638198.653186,[],unpaired,"[""https://forum.scrt.network/t/security-incident-axelar-secret-ibc-bridge-exploit-june-10-2026/7995"",""https://hacked.slowmist.io/?c=Bridge""]",
TXN-000684,"[""EVT-000147""]",Secret Network,DD2993CC68D8C7D2B4D0B209EC7AA5CE34F71ADFA6779010F39072360CCF46FE,,,,,"[""Asset Extraction""]","[""Abnormal Asset Transfer""]",,candidate_anomaly,pending,[],174536.475914,"[{""chain"":""Axelar"",""tx_hash"":""4A2A0D419B2F9C3BEDE6EEE9918C59AE7F04EF36080BC486D003394BE8083470""}]",report_supported,"[""https://forum.scrt.network/t/security-incident-axelar-secret-ibc-bridge-exploit-june-10-2026/7995"",""https://hacked.slowmist.io/?c=Bridge""]",
TXN-000685,"[""EVT-000147""]",Secret Network,E17184D49A12B594CEB66696F380598E83C2E716F5F10002291B8DA1C2B1BFA1,,,,,"[""Asset Extraction""]","[""Abnormal Asset Transfer""]",,candidate_anomaly,pending,[],1121270.052077,"[{""chain"":""Axelar"",""tx_hash"":""C03B1FE0EEF40EB3765A6FD93F26FF1CCAF10B569C18B15A0D57B4324D8C2EC3""}]",report_supported,"[""https://forum.scrt.network/t/security-incident-axelar-secret-ibc-bridge-exploit-june-10-2026/7995"",""https://hacked.slowmist.io/?c=Bridge""]",
TXN-000686,"[""EVT-000023""]",Solana,25Zu1L2Q9uk998d5GMnX43t9u9eVBKvbVtgHndkc2GmUFed8Pu73LGW6hiDsmGXHykKUTLkvUdh4yXPdL3Jo4wVS,,,,,[],[],,candidate_anomaly,pending,[],,[],unpaired,"[""https://blog.verichains.io/p/320-million-wormhole-hack-explained"",""https://certik.medium.com/wormhole-bridge-exploit-analysis-5068d79cbb71""]",
TXN-000687,"[""EVT-000023""]",Solana,2SohoVoPDSdzgsGCgKQPByKQkLAXHrYmvtE7EEqwKi3qUBTGDDJ7DcfYS7YJC2f8xwKVVa6SFUpH5MZ5xcyn1BCK,,,,,[],[],,candidate_anomaly,pending,[],,[],unpaired,"[""https://blog.verichains.io/p/320-million-wormhole-hack-explained"",""https://certik.medium.com/wormhole-bridge-exploit-analysis-5068d79cbb71""]",
TXN-000688,"[""EVT-000186""]",Solana,2zCz2GgSoSS68eNJENWrYB48dMM1zmH8SZkgYneVDv2G4gRsVfwu5rNXtK5BKFxn7fSqX9BvrBc1rdPAeBEcD6Es,,,,,"[""withdraw""]","[""Withdraw""]",,candidate_anomaly,pending,[],,[],unpaired,"[""https://certik.medium.com/wormhole-bridge-exploit-analysis-5068d79cbb71""]",
TXN-000689,"[""EVT-000023""]",Solana,2zCz2GgoSS68eNJENWrYB48dMM1zmH8SZkgYneVDv2G4gRsVfwu5rNXtK5BKFxn7fSqX9BvrBc1rdPAeBEcD6Es,,,,,[],[],,excluded,pending,[],,[],unpaired,"[""https://wormholecrypto.medium.com/wormhole-incident-report-02-02-22-ad9b8f21eec6""]",
TXN-000690,"[""EVT-000155""]",Solana,3LNLaGi36bqoSBFBqcQ3ZvDbnGCxrxu4rqahZrnfHZjKSYxfR1mqiCXtBXjjeBmoRQDeSiKxZ7c1nFb8pBgTY39Q,,,,,"[""Exploitation""]","[""Market/Liquidity Manipulation""]",,candidate_anomaly,pending,[],未核实,[],unpaired,"[""https://hacked.slowmist.io/?c=Bridge"",""https://www.olympix.security/blog/allbridge-cores-1-65m-loss-and-how-olympix-would-have-prevented-it""]",
TXN-000691,"[""EVT-000145""]",Syscoin NEVM,0x0021cc76a64e69eb81ec2c9a0aded3285d5cc372acd6f62a103fee3cfe0a7868,,,,,"[""Asset Extraction""]","[""Abnormal Withdrawal/Release""]",,candidate_anomaly,pending,[],5000000000,"[{""chain"":""Syscoin UTXO"",""tx_hash"":""d3f706df0a783cd2c9f19066f69203e614d1915ab041a48a43eb85b286990be1""}]",report_supported,"[""https://hacked.slowmist.io/?c=Bridge"",""https://syscoin.org/news/technical-postmortem-syscoin-bridge-incident-recovery-and-remediation""]",
TXN-000692,"[""EVT-000145""]",Syscoin UTXO,31e12b0dcd9aeffa12e596e0b16d75ce161667104c7e511bfafe67195117113c,,,,,"[""Fund Transfer/Laundering""]","[""Abnormal Asset Transfer""]",,associated,pending,[],未核实,[],unpaired,"[""https://hacked.slowmist.io/?c=Bridge"",""https://syscoin.org/news/technical-postmortem-syscoin-bridge-incident-recovery-and-remediation""]",
TXN-000693,"[""EVT-000145""]",Syscoin UTXO,698d5def75199af083c5957029b267e412463b059a29368edd2b5f41eddafd36,,,,,"[""Recovery/Return""]","[""Abnormal Mint/Burn""]",,associated,pending,[],5000000000,[],unpaired,"[""https://hacked.slowmist.io/?c=Bridge"",""https://syscoin.org/news/technical-postmortem-syscoin-bridge-incident-recovery-and-remediation""]",
TXN-000694,"[""EVT-000145""]",Syscoin UTXO,a5b422abbbd89c8e316d1990f696e030d610cb527001ff97524f5317e87fa184,,,,,"[""Asset Extraction""]","[""Abnormal Mint/Burn""]",,candidate_anomaly,pending,[],5000000000,[],unpaired,"[""https://hacked.slowmist.io/?c=Bridge"",""https://syscoin.org/news/technical-postmortem-syscoin-bridge-incident-recovery-and-remediation""]",
TXN-000695,"[""EVT-000145""]",Syscoin UTXO,ba6798fac98eaf95f18e4622a6d46b5d8547f75d3912ed3665ee2e12537d5ff4,,,,,"[""Fund Transfer/Laundering""]","[""Abnormal Asset Transfer""]",,associated,pending,[],未核实,[],unpaired,"[""https://hacked.slowmist.io/?c=Bridge"",""https://syscoin.org/news/technical-postmortem-syscoin-bridge-incident-recovery-and-remediation""]",
TXN-000696,"[""EVT-000145""]",Syscoin UTXO,ce9671d1e5d1fa4d7090828f92712c830aef7ecb87e31f59c4fab7baf7a8fc9d,,,,,"[""Recovery/Return""]","[""Abnormal Asset Transfer""]",,associated,pending,[],未核实,[],unpaired,"[""https://hacked.slowmist.io/?c=Bridge"",""https://syscoin.org/news/technical-postmortem-syscoin-bridge-incident-recovery-and-remediation""]",
TXN-000697,"[""EVT-000145""]",Syscoin UTXO,d3f706df0a783cd2c9f19066f69203e614d1915ab041a48a43eb85b286990be1,,,,,"[""Exploitation""]","[""Abnormal Message/Proof""]",,candidate_anomaly,pending,[],未核实,"[{""chain"":""Syscoin NEVM"",""tx_hash"":""0x0021cc76a64e69eb81ec2c9a0aded3285d5cc372acd6f62a103fee3cfe0a7868""}]",report_supported,"[""https://hacked.slowmist.io/?c=Bridge"",""https://syscoin.org/news/technical-postmortem-syscoin-bridge-incident-recovery-and-remediation""]",
TXN-000698,"[""EVT-000145""]",Syscoin UTXO,e079e10ceae81d30ce64e5469acde64a8c7f4705771e4d6eceabecbcb100debd,,,,,"[""Recovery/Return""]","[""Abnormal Asset Transfer""]",,associated,pending,[],未核实,[],unpaired,"[""https://hacked.slowmist.io/?c=Bridge"",""https://syscoin.org/news/technical-postmortem-syscoin-bridge-incident-recovery-and-remediation""]",
TXN-000699,"[""EVT-000158""]",Verus,0c24765b6d4daa745e38b09f46382d1a457966e1c128265b87dc2b5a3fd16280,,,,,"[""Exploitation""]","[""Abnormal Message/Proof""]",,candidate_anomaly,pending,[],未核实,[],unpaired,"[""https://hacked.slowmist.io/?c=Bridge"",""https://www.certik.com/blog/verus-incident-analysis""]",
TXN-000700,"[""EVT-000158""]",Verus,0c5843f87f3ef1c9ea31ec4b6c601101eec8592ec476a03a53dd6e400df05c6e,,,,,"[""Exploitation""]","[""Abnormal Message/Proof""]",,candidate_anomaly,pending,[],未核实,[],unpaired,"[""https://hacked.slowmist.io/?c=Bridge"",""https://www.certik.com/blog/verus-incident-analysis""]",
TXN-000701,"[""EVT-000158""]",Verus,5b5043febfd7f7c089e976d11d0f87a904881266bb96dd118b3d69b0e02aab52,,,,,"[""Preparation""]","[""Abnormal Message/Proof""]",,associated,pending,[],0.01,[],unpaired,"[""https://hacked.slowmist.io/?c=Bridge"",""https://www.certik.com/blog/verus-incident-analysis""]",
TXN-000702,"[""EVT-000158""]",Verus,f5f0d9056163edaa8497857226dd0905e10f044063ba77cedc3fc7589d3bf10c,,,,,"[""Exploitation""]","[""Abnormal Message/Proof""]",,candidate_anomaly,pending,[],未核实,[],unpaired,"[""https://hacked.slowmist.io/?c=Bridge"",""https://www.certik.com/blog/verus-incident-analysis""]",
TXN-000703,"[""EVT-000162""]",XRP Ledger,00E68D41DC5D12EC462B23D1E2827CB6DF11BCE5E3754BDCDDCC3E710B00A5E1,,,,,"[""Asset Extraction""]","[""Abnormal Withdrawal/Release""]",,candidate_anomaly,pending,[],1693.8,[],unpaired,"[""https://hacked.slowmist.io/?c=Bridge"",""https://x.com/txEcosystem/status/2087269579190046895""]",
TXN-000704,"[""EVT-000162""]",XRP Ledger,03F7CB9E5783FF36F319264DDA6775AE429135A34E1EF5F92BD8D7C80E458152,,,,,"[""Asset Extraction""]","[""Abnormal Withdrawal/Release""]",,candidate_anomaly,pending,[],1693.8,[],unpaired,"[""https://hacked.slowmist.io/?c=Bridge"",""https://x.com/txEcosystem/status/2087269579190046895""]",
TXN-000705,"[""EVT-000162""]",XRP Ledger,0A6BDB3AC02ED0648D437AC74FA40A66B9FCC598A04D3DC4F41ECC3BF09F9A89,,,,,"[""Asset Extraction""]","[""Abnormal Withdrawal/Release""]",,candidate_anomaly,pending,[],1693.8,[],unpaired,"[""https://hacked.slowmist.io/?c=Bridge"",""https://x.com/txEcosystem/status/2087269579190046895""]",
TXN-000706,"[""EVT-000162""]",XRP Ledger,0B5B59511773EED35BD9446253B171BE112601BDB23C0C1C2E871FC245E7FF91,,,,,"[""Asset Extraction""]","[""Abnormal Withdrawal/Release""]",,candidate_anomaly,pending,[],6491.7,[],unpaired,"[""https://hacked.slowmist.io/?c=Bridge"",""https://x.com/txEcosystem/status/2087269579190046895""]",
TXN-000707,"[""EVT-000162""]",XRP Ledger,0BAF9B059E4DFA584D366FD891FBCE7692FB62BDD77EFFD1F3B11383C22D7691,,,,,"[""Asset Extraction""]","[""Abnormal Withdrawal/Release""]",,candidate_anomaly,pending,[],1693.8,[],unpaired,"[""https://hacked.slowmist.io/?c=Bridge"",""https://x.com/txEcosystem/status/2087269579190046895""]",
TXN-000708,"[""EVT-000162""]",XRP Ledger,0C8EE6F06DBD019E83E545E861D084ADF8B774DD42C9676EB9C32223B6B55299,,,,,"[""Asset Extraction""]","[""Abnormal Withdrawal/Release""]",,candidate_anomaly,pending,[],1857.2,[],unpaired,"[""https://hacked.slowmist.io/?c=Bridge"",""https://x.com/txEcosystem/status/2087269579190046895""]",
TXN-000709,"[""EVT-000162""]",XRP Ledger,105A31FF70DD65E43296B5DD700B28674E0527A880A08BD86E0BBF31905FBD29,,,,,"[""Asset Extraction""]","[""Abnormal Withdrawal/Release""]",,candidate_anomaly,pending,[],1766.6,[],unpaired,"[""https://hacked.slowmist.io/?c=Bridge"",""https://x.com/txEcosystem/status/2087269579190046895""]",
TXN-000710,"[""EVT-000162""]",XRP Ledger,116F5000F99D4798AEC6944CD10A8A9A7F6AD0DE68EAF3966566C5BDAEF060C9,,,,,"[""Asset Extraction""]","[""Abnormal Withdrawal/Release""]",,candidate_anomaly,pending,[],1693.8,[],unpaired,"[""https://hacked.slowmist.io/?c=Bridge"",""https://x.com/txEcosystem/status/2087269579190046895""]",
TXN-000711,"[""EVT-000162""]",XRP Ledger,11EFA002671EABA4F6B977B79EE9A3F19D78EB185860742DE47F7F4C7EACBF5C,,,,,"[""Asset Extraction""]","[""Abnormal Withdrawal/Release""]",,candidate_anomaly,pending,[],1654.9,[],unpaired,"[""https://hacked.slowmist.io/?c=Bridge"",""https://x.com/txEcosystem/status/2087269579190046895""]",
TXN-000712,"[""EVT-000162""]",XRP Ledger,12A81D91941F15603D2B33B41434077860BE9CAC29FC15C08FA2AE552EFB6CD4,,,,,"[""Asset Extraction""]","[""Abnormal Withdrawal/Release""]",,candidate_anomaly,pending,[],1694,[],unpaired,"[""https://hacked.slowmist.io/?c=Bridge"",""https://x.com/txEcosystem/status/2087269579190046895""]",
TXN-000713,"[""EVT-000162""]",XRP Ledger,16AA3268EC80C5CF231C1BDE81E4D4086CBA791732062425A2C0BABF854598ED,,,,,"[""Asset Extraction""]","[""Abnormal Withdrawal/Release""]",,candidate_anomaly,pending,[],1694,[],unpaired,"[""https://hacked.slowmist.io/?c=Bridge"",""https://x.com/txEcosystem/status/2087269579190046895""]",
TXN-000714,"[""EVT-000162""]",XRP Ledger,18A706E9071313F57E5A0910077A0725C64864F4E8BC3011FA7780B27B43907A,,,,,"[""Asset Extraction""]","[""Abnormal Withdrawal/Release""]",,candidate_anomaly,pending,[],1694.7,[],unpaired,"[""https://hacked.slowmist.io/?c=Bridge"",""https://x.com/txEcosystem/status/2087269579190046895""]",
TXN-000715,"[""EVT-000162""]",XRP Ledger,1922CB35B0397A53D9E089A896ABB5C88B5C262F10013D2A6283AE7EF44AA97A,,,,,"[""Asset Extraction""]","[""Abnormal Withdrawal/Release""]",,candidate_anomaly,pending,[],1693.8,[],unpaired,"[""https://hacked.slowmist.io/?c=Bridge"",""https://x.com/txEcosystem/status/2087269579190046895""]",
TXN-000716,"[""EVT-000162""]",XRP Ledger,1DDA73DAD5D77A0B0A305D3E67559AFCCF4C2098152701B220CD0E548BAD0C7B,,,,,"[""Asset Extraction""]","[""Abnormal Withdrawal/Release""]",,candidate_anomaly,pending,[],1694,[],unpaired,"[""https://hacked.slowmist.io/?c=Bridge"",""https://x.com/txEcosystem/status/2087269579190046895""]",
TXN-000717,"[""EVT-000162""]",XRP Ledger,1F99F9A5302A185953D13C0DFEB4375B4A2BD0BD97DABB853D0495E6D64D2831,,,,,"[""Asset Extraction""]","[""Abnormal Withdrawal/Release""]",,candidate_anomaly,pending,[],1717.9,[],unpaired,"[""https://hacked.slowmist.io/?c=Bridge"",""https://x.com/txEcosystem/status/2087269579190046895""]",
TXN-000718,"[""EVT-000162""]",XRP Ledger,24CC17DD15E40DEAE4C5605C01E546407707CC807B6708F8BC13EA670600354C,,,,,"[""Asset Extraction""]","[""Abnormal Withdrawal/Release""]",,candidate_anomaly,pending,[],1694,[],unpaired,"[""https://hacked.slowmist.io/?c=Bridge"",""https://x.com/txEcosystem/status/2087269579190046895""]",
TXN-000719,"[""EVT-000162""]",XRP Ledger,24F8CF71170874AF28FF1B24B152B961BDEE399A4B76C931DC91FC07D08D6DCB,,,,,"[""Asset Extraction""]","[""Abnormal Withdrawal/Release""]",,candidate_anomaly,pending,[],1738.4,[],unpaired,"[""https://hacked.slowmist.io/?c=Bridge"",""https://x.com/txEcosystem/status/2087269579190046895""]",
TXN-000720,"[""EVT-000162""]",XRP Ledger,257E0FDC59D46DB0A6191A46C42E20A9C5A7BDDAAA23F76501753356C6E14FC2,,,,,"[""Asset Extraction""]","[""Abnormal Withdrawal/Release""]",,candidate_anomaly,pending,[],1693.8,[],unpaired,"[""https://hacked.slowmist.io/?c=Bridge"",""https://x.com/txEcosystem/status/2087269579190046895""]",
TXN-000721,"[""EVT-000162""]",XRP Ledger,28D07A500568FB8768CA81A88EC7B7FCAF55AD594BEEDC221B5B34CBF9A97218,,,,,"[""Asset Extraction""]","[""Abnormal Withdrawal/Release""]",,candidate_anomaly,pending,[],1693.9,[],unpaired,"[""https://hacked.slowmist.io/?c=Bridge"",""https://x.com/txEcosystem/status/2087269579190046895""]",
TXN-000722,"[""EVT-000162""]",XRP Ledger,2D0DEE12A51CBB3BAA070615C4F4D2326B19E5102866C583DDC79111038967BB,,,,,"[""Asset Extraction""]","[""Abnormal Withdrawal/Release""]",,candidate_anomaly,pending,[],1648.8,[],unpaired,"[""https://hacked.slowmist.io/?c=Bridge"",""https://x.com/txEcosystem/status/2087269579190046895""]",
TXN-000723,"[""EVT-000162""]",XRP Ledger,2E9A58AAB1CB80042F21BE36A950A963A061A94472264D140FF5F063B40843A9,,,,,"[""Asset Extraction""]","[""Abnormal Withdrawal/Release""]",,candidate_anomaly,pending,[],1693.9,[],unpaired,"[""https://hacked.slowmist.io/?c=Bridge"",""https://x.com/txEcosystem/status/2087269579190046895""]",
TXN-000724,"[""EVT-000162""]",XRP Ledger,2F12E1A4325C64F55E88396D3C9272868BB2C9F62B07DA85C9E9223275C6E14A,,,,,"[""Asset Extraction""]","[""Abnormal Withdrawal/Release""]",,candidate_anomaly,pending,[],1694.4,[],unpaired,"[""https://hacked.slowmist.io/?c=Bridge"",""https://x.com/txEcosystem/status/2087269579190046895""]",
TXN-000725,"[""EVT-000162""]",XRP Ledger,32DFDED3B32ADA6ED0C935F3248F5B123F3D5DE8688BD33D374DBEAD88357C55,,,,,"[""Asset Extraction""]","[""Abnormal Withdrawal/Release""]",,candidate_anomaly,pending,[],1650.9,[],unpaired,"[""https://hacked.slowmist.io/?c=Bridge"",""https://x.com/txEcosystem/status/2087269579190046895""]",
TXN-000726,"[""EVT-000162""]",XRP Ledger,34F7B46B6BB1A69747317540621CBC878FF5D1AB6C29B9B677E0BD66DF969305,,,,,"[""Asset Extraction""]","[""Abnormal Withdrawal/Release""]",,candidate_anomaly,pending,[],1650,[],unpaired,"[""https://hacked.slowmist.io/?c=Bridge"",""https://x.com/txEcosystem/status/2087269579190046895""]",
TXN-000727,"[""EVT-000162""]",XRP Ledger,36CA3600BD8ECD2CF0E5F43ACDD9399DCD6EF963096F67137A182550093C507F,,,,,"[""Asset Extraction""]","[""Abnormal Withdrawal/Release""]",,candidate_anomaly,pending,[],1694,[],unpaired,"[""https://hacked.slowmist.io/?c=Bridge"",""https://x.com/txEcosystem/status/2087269579190046895""]",
TXN-000728,"[""EVT-000162""]",XRP Ledger,379F13440708A87BF7B10B99D391B810B2A9E8BEFCB9E383314038EEF195A5AB,,,,,"[""Asset Extraction""]","[""Abnormal Withdrawal/Release""]",,candidate_anomaly,pending,[],1710.6,[],unpaired,"[""https://hacked.slowmist.io/?c=Bridge"",""https://x.com/txEcosystem/status/2087269579190046895""]",
TXN-000729,"[""EVT-000162""]",XRP Ledger,3AE1652EA44E0F74CC6BEEB10229EA1EACDF888FB762E53A1BBEC5C9448B3E6C,,,,,"[""Asset Extraction""]","[""Abnormal Withdrawal/Release""]",,candidate_anomaly,pending,[],1693.8,[],unpaired,"[""https://hacked.slowmist.io/?c=Bridge"",""https://x.com/txEcosystem/status/2087269579190046895""]",
TXN-000730,"[""EVT-000162""]",XRP Ledger,3B4F67647C798D823B5BCE98F423F44D06DAF221054AA2F3851DC65574095E78,,,,,"[""Asset Extraction""]","[""Abnormal Withdrawal/Release""]",,candidate_anomaly,pending,[],1694.7,[],unpaired,"[""https://hacked.slowmist.io/?c=Bridge"",""https://x.com/txEcosystem/status/2087269579190046895""]",
TXN-000731,"[""EVT-000162""]",XRP Ledger,3DF925D743B504E6BCAD0818987E747F42AE633354A88A74899C602A9C1C279F,,,,,"[""Asset Extraction""]","[""Abnormal Withdrawal/Release""]",,candidate_anomaly,pending,[],1650.3,[],unpaired,"[""https://hacked.slowmist.io/?c=Bridge"",""https://x.com/txEcosystem/status/2087269579190046895""]",
TXN-000732,"[""EVT-000162""]",XRP Ledger,3EFBD634F14569C5FDFE43CF012C1FEC02F8586A3CA07E8D8AFE4B36E5E48E37,,,,,"[""Asset Extraction""]","[""Abnormal Withdrawal/Release""]",,candidate_anomaly,pending,[],1650.5,[],unpaired,"[""https://hacked.slowmist.io/?c=Bridge"",""https://x.com/txEcosystem/status/2087269579190046895""]",
TXN-000733,"[""EVT-000162""]",XRP Ledger,405C1CF4674A494FAF1B80D3E6D2094E87EA2CECAC208A02350B94F7EF24A601,,,,,"[""Asset Extraction""]","[""Abnormal Withdrawal/Release""]",,candidate_anomaly,pending,[],1694.6,[],unpaired,"[""https://hacked.slowmist.io/?c=Bridge"",""https://x.com/txEcosystem/status/2087269579190046895""]",
TXN-000734,"[""EVT-000162""]",XRP Ledger,4211171D8BD1AFFF4AB04953E7C38ED97314B42AA0B016A5ADC381391484E871,,,,,"[""Asset Extraction""]","[""Abnormal Withdrawal/Release""]",,candidate_anomaly,pending,[],1653.9,[],unpaired,"[""https://hacked.slowmist.io/?c=Bridge"",""https://x.com/txEcosystem/status/2087269579190046895""]",
TXN-000735,"[""EVT-000162""]",XRP Ledger,4B3A91E97F55981CAB668EFC2FB96C2E0CEC50DD324F26648271EA113FC632B9,,,,,"[""Asset Extraction""]","[""Abnormal Withdrawal/Release""]",,candidate_anomaly,pending,[],1798.5,[],unpaired,"[""https://hacked.slowmist.io/?c=Bridge"",""https://x.com/txEcosystem/status/2087269579190046895""]",
TXN-000736,"[""EVT-000162""]",XRP Ledger,4E6D16BA95B256BD24FB6185F896C95D3B43086A2837518DD5564439F52DE7F2,,,,,"[""Asset Extraction""]","[""Abnormal Withdrawal/Release""]",,candidate_anomaly,pending,[],1693.8,[],unpaired,"[""https://hacked.slowmist.io/?c=Bridge"",""https://x.com/txEcosystem/status/2087269579190046895""]",
TXN-000737,"[""EVT-000162""]",XRP Ledger,505264C2F83ECA2DBF3736E50AEAF7BD86ED0EC6166CA41C571D097FDAB856CF,,,,,"[""Asset Extraction""]","[""Abnormal Withdrawal/Release""]",,candidate_anomaly,pending,[],1693.8,[],unpaired,"[""https://hacked.slowmist.io/?c=Bridge"",""https://x.com/txEcosystem/status/2087269579190046895""]",
TXN-000738,"[""EVT-000162""]",XRP Ledger,50E5DF19B789859228564360F549E03460F2DA76F22CFBAAB2B8074A510EB314,,,,,"[""Asset Extraction""]","[""Abnormal Withdrawal/Release""]",,candidate_anomaly,pending,[],1723.2,[],unpaired,"[""https://hacked.slowmist.io/?c=Bridge"",""https://x.com/txEcosystem/status/2087269579190046895""]",
TXN-000739,"[""EVT-000162""]",XRP Ledger,561E2CD6152647AB8BD08F0BA7E1BB1FA6F31DFCF3820E0CE2121689CA930354,,,,,"[""Asset Extraction""]","[""Abnormal Withdrawal/Release""]",,candidate_anomaly,pending,[],1694,[],unpaired,"[""https://hacked.slowmist.io/?c=Bridge"",""https://x.com/txEcosystem/status/2087269579190046895""]",
TXN-000740,"[""EVT-000162""]",XRP Ledger,5C6BCEF19A04267119933A9ED6916A3AFC50DC9625345CF3E6AD0B33D6EBC305,,,,,"[""Asset Extraction""]","[""Abnormal Withdrawal/Release""]",,candidate_anomaly,pending,[],1821.3,[],unpaired,"[""https://hacked.slowmist.io/?c=Bridge"",""https://x.com/txEcosystem/status/2087269579190046895""]",
TXN-000741,"[""EVT-000162""]",XRP Ledger,5D150C87904B4EB9A3D92D17E26D941468F786704673B92181ABA31313B73BED,,,,,"[""Asset Extraction""]","[""Abnormal Withdrawal/Release""]",,candidate_anomaly,pending,[],1693.8,[],unpaired,"[""https://hacked.slowmist.io/?c=Bridge"",""https://x.com/txEcosystem/status/2087269579190046895""]",
TXN-000742,"[""EVT-000162""]",XRP Ledger,5E51A359F7A61C422EA5E1CAD28F238B56E1D95FEA6EE6D9C7A5B4295FFF97F1,,,,,"[""Asset Extraction""]","[""Abnormal Withdrawal/Release""]",,candidate_anomaly,pending,[],1712.3,[],unpaired,"[""https://hacked.slowmist.io/?c=Bridge"",""https://x.com/txEcosystem/status/2087269579190046895""]",
TXN-000743,"[""EVT-000162""]",XRP Ledger,6341067B221084D37F1DEF7B83A7395E1EE6FC3A4C09B2F1A8E932ABF58AC337,,,,,"[""Asset Extraction""]","[""Abnormal Withdrawal/Release""]",,candidate_anomaly,pending,[],1650.7,[],unpaired,"[""https://hacked.slowmist.io/?c=Bridge"",""https://x.com/txEcosystem/status/2087269579190046895""]",
TXN-000744,"[""EVT-000162""]",XRP Ledger,6666393540FC1C0E27F176FB2806855775EC8A8689C406FB9B1766D074AC5F20,,,,,"[""Asset Extraction""]","[""Abnormal Withdrawal/Release""]",,candidate_anomaly,pending,[],1693.8,[],unpaired,"[""https://hacked.slowmist.io/?c=Bridge"",""https://x.com/txEcosystem/status/2087269579190046895""]",
TXN-000745,"[""EVT-000162""]",XRP Ledger,6D1E64674AA5213409987CA48D4ABD738EF0D3C9B9F8AE4EA8D8187BE18CA545,,,,,"[""Asset Extraction""]","[""Abnormal Withdrawal/Release""]",,candidate_anomaly,pending,[],1693.8,[],unpaired,"[""https://hacked.slowmist.io/?c=Bridge"",""https://x.com/txEcosystem/status/2087269579190046895""]",
TXN-000746,"[""EVT-000162""]",XRP Ledger,70FE33072093D35707F2AC075C841025981505CF03C0D63B9CF555B33355E6CC,,,,,"[""Asset Extraction""]","[""Abnormal Withdrawal/Release""]",,candidate_anomaly,pending,[],1693.8,[],unpaired,"[""https://hacked.slowmist.io/?c=Bridge"",""https://x.com/txEcosystem/status/2087269579190046895""]",
TXN-000747,"[""EVT-000162""]",XRP Ledger,71C8BD47A1A6E8E32C871CCB709DFA514ECC653AC865A8494A07D4AA4439933C,,,,,"[""Asset Extraction""]","[""Abnormal Withdrawal/Release""]",,candidate_anomaly,pending,[],1657.9,[],unpaired,"[""https://hacked.slowmist.io/?c=Bridge"",""https://x.com/txEcosystem/status/2087269579190046895""]",
TXN-000748,"[""EVT-000162""]",XRP Ledger,7361C7B4DBEF7D891522EAF08AFFA6EBFADA5613BF49D79EB9E0E13CD8F071DD,,,,,"[""Asset Extraction""]","[""Abnormal Withdrawal/Release""]",,candidate_anomaly,pending,[],1728.1,[],unpaired,"[""https://hacked.slowmist.io/?c=Bridge"",""https://x.com/txEcosystem/status/2087269579190046895""]",
TXN-000749,"[""EVT-000162""]",XRP Ledger,73676CFE83996BA68D7DA216E3F1A1C1E18F3BD248FE55603F41D312D1C90EDA,,,,,"[""Asset Extraction""]","[""Abnormal Withdrawal/Release""]",,candidate_anomaly,pending,[],1694.7,[],unpaired,"[""https://hacked.slowmist.io/?c=Bridge"",""https://x.com/txEcosystem/status/2087269579190046895""]",
TXN-000750,"[""EVT-000162""]",XRP Ledger,77594273D416B69FDAC7FFC8E69E2DDC68B93907ACD02A5F985FBEB070537009,,,,,"[""Asset Extraction""]","[""Abnormal Withdrawal/Release""]",,candidate_anomaly,pending,[],1733,[],unpaired,"[""https://hacked.slowmist.io/?c=Bridge"",""https://x.com/txEcosystem/status/2087269579190046895""]",
TXN-000751,"[""EVT-000162""]",XRP Ledger,7BEA8BA578F4E2B8D6CA160EBC25AE53F98B876B5806489E5021685AA02A858B,,,,,"[""Asset Extraction""]","[""Abnormal Withdrawal/Release""]",,candidate_anomaly,pending,[],1694,[],unpaired,"[""https://hacked.slowmist.io/?c=Bridge"",""https://x.com/txEcosystem/status/2087269579190046895""]",
TXN-000752,"[""EVT-000162""]",XRP Ledger,7CDDDF1A3ADC2E5D2C9494BA8AAD6D28C7CAB2E65CDE46E73DDECDC3F99E40DB,,,,,"[""Asset Extraction""]","[""Abnormal Withdrawal/Release""]",,candidate_anomaly,pending,[],12983.4,[],unpaired,"[""https://hacked.slowmist.io/?c=Bridge"",""https://x.com/txEcosystem/status/2087269579190046895""]",
TXN-000753,"[""EVT-000162""]",XRP Ledger,7D2625FF9507318E40C0B0E39618DB9F0F3E976EB5CA4783797CBDF9CF8C6751,,,,,"[""Asset Extraction""]","[""Abnormal Withdrawal/Release""]",,candidate_anomaly,pending,[],1651.8,[],unpaired,"[""https://hacked.slowmist.io/?c=Bridge"",""https://x.com/txEcosystem/status/2087269579190046895""]",
TXN-000754,"[""EVT-000162""]",XRP Ledger,7D384B08B42EFC6AF9CFFDF7D7142255FCB5BC55E4392E32A54BAC78A75ADF93,,,,,"[""Asset Extraction""]","[""Abnormal Withdrawal/Release""]",,candidate_anomaly,pending,[],1649.1,[],unpaired,"[""https://hacked.slowmist.io/?c=Bridge"",""https://x.com/txEcosystem/status/2087269579190046895""]",
TXN-000755,"[""EVT-000162""]",XRP Ledger,7D87A20C13E09BB3E0F2CE7F4A120F4B733398BF67A0BBE8C62A1E2B29311819,,,,,"[""Asset Extraction""]","[""Abnormal Withdrawal/Release""]",,candidate_anomaly,pending,[],1693.9,[],unpaired,"[""https://hacked.slowmist.io/?c=Bridge"",""https://x.com/txEcosystem/status/2087269579190046895""]",
TXN-000756,"[""EVT-000162""]",XRP Ledger,7FEE80DC757F2B4A46CBDB0C73D405D8A643FC4F00DAF5861689347F0F0A1E07,,,,,"[""Asset Extraction""]","[""Abnormal Withdrawal/Release""]",,candidate_anomaly,pending,[],1648.9,[],unpaired,"[""https://hacked.slowmist.io/?c=Bridge"",""https://x.com/txEcosystem/status/2087269579190046895""]",
TXN-000757,"[""EVT-000162""]",XRP Ledger,85098C596460D8D196E8F539476147B0FA9869D3C30CF71BE8B66BB0B83981EF,,,,,"[""Asset Extraction""]","[""Abnormal Withdrawal/Release""]",,candidate_anomaly,pending,[],1649.9,[],unpaired,"[""https://hacked.slowmist.io/?c=Bridge"",""https://x.com/txEcosystem/status/2087269579190046895""]",
TXN-000758,"[""EVT-000162""]",XRP Ledger,8C569D519F5723BCD546E2815E3103E87B4CB3BEC5A4DAAC87055E66AA4EB7AE,,,,,"[""Asset Extraction""]","[""Abnormal Withdrawal/Release""]",,candidate_anomaly,pending,[],1693.8,[],unpaired,"[""https://hacked.slowmist.io/?c=Bridge"",""https://x.com/txEcosystem/status/2087269579190046895""]",
TXN-000759,"[""EVT-000162""]",XRP Ledger,8C8A149E0D5568332CFA63C7A80132F9B30059CDACB346A9F59FFF9D49CE6DFD,,,,,"[""Asset Extraction""]","[""Abnormal Withdrawal/Release""]",,candidate_anomaly,pending,[],1693.8,[],unpaired,"[""https://hacked.slowmist.io/?c=Bridge"",""https://x.com/txEcosystem/status/2087269579190046895""]",
TXN-000760,"[""EVT-000162""]",XRP Ledger,8C8F0DB4204FC2490DD9CAF09487F5AA8F975A0F4F4CD86E6B1A7606D00F33DD,,,,,"[""Asset Extraction""]","[""Abnormal Withdrawal/Release""]",,candidate_anomaly,pending,[],1780.7,[],unpaired,"[""https://hacked.slowmist.io/?c=Bridge"",""https://x.com/txEcosystem/status/2087269579190046895""]",
TXN-000761,"[""EVT-000162""]",XRP Ledger,9B4B7C941353C569EE8114B9A683A370225BAFB9A1FE9BC02826D4AC14C44A1D,,,,,"[""Asset Extraction""]","[""Abnormal Withdrawal/Release""]",,candidate_anomaly,pending,[],1694,[],unpaired,"[""https://hacked.slowmist.io/?c=Bridge"",""https://x.com/txEcosystem/status/2087269579190046895""]",
TXN-000762,"[""EVT-000162""]",XRP Ledger,A36A38BCD40971F0183B22E39DBA382556F7A9CA97ADABEFBB82CDAF9B28588B,,,,,"[""Asset Extraction""]","[""Abnormal Withdrawal/Release""]",,candidate_anomaly,pending,[],25908.6,[],unpaired,"[""https://hacked.slowmist.io/?c=Bridge"",""https://x.com/txEcosystem/status/2087269579190046895""]",
TXN-000763,"[""EVT-000162""]",XRP Ledger,A4038CB79BFD725B0C26C5EFAEF85387B2EB0565E7D075FD268C6DC4AB260EDE,,,,,"[""Asset Extraction""]","[""Abnormal Withdrawal/Release""]",,candidate_anomaly,pending,[],1694.2,[],unpaired,"[""https://hacked.slowmist.io/?c=Bridge"",""https://x.com/txEcosystem/status/2087269579190046895""]",
TXN-000764,"[""EVT-000162""]",XRP Ledger,A47D4B3B5906F615EC23E5436AF3AEDF7B558A0FCF1774F421D2C671E3D15BDB,,,,,"[""Asset Extraction""]","[""Abnormal Withdrawal/Release""]",,candidate_anomaly,pending,[],1755.4,[],unpaired,"[""https://hacked.slowmist.io/?c=Bridge"",""https://x.com/txEcosystem/status/2087269579190046895""]",
TXN-000765,"[""EVT-000162""]",XRP Ledger,A9437358E8D363803902D9D625F822DCDC10A1BC860370BCF452E27FE7585AB3,,,,,"[""Asset Extraction""]","[""Abnormal Withdrawal/Release""]",,candidate_anomaly,pending,[],1653.2,[],unpaired,"[""https://hacked.slowmist.io/?c=Bridge"",""https://x.com/txEcosystem/status/2087269579190046895""]",
TXN-000766,"[""EVT-000162""]",XRP Ledger,AB1DC10CD8A15B1C5C89B574470E3D0BC3CCC7DFCDE4F0D6E259876CA24E1571,,,,,"[""Asset Extraction""]","[""Abnormal Withdrawal/Release""]",,candidate_anomaly,pending,[],1693.9,[],unpaired,"[""https://hacked.slowmist.io/?c=Bridge"",""https://x.com/txEcosystem/status/2087269579190046895""]",
TXN-000767,"[""EVT-000162""]",XRP Ledger,ABA614997B4C7FADD8A8541A9009B51508ABA6323B253F4401D1CD7390571CD3,,,,,"[""Asset Extraction""]","[""Abnormal Withdrawal/Release""]",,candidate_anomaly,pending,[],1649.7,[],unpaired,"[""https://hacked.slowmist.io/?c=Bridge"",""https://x.com/txEcosystem/status/2087269579190046895""]",
TXN-000768,"[""EVT-000162""]",XRP Ledger,ACF9B987D6AF5C9758C950A175C89FCB848D6D77150E98A568036D073C32CA63,,,,,"[""Asset Extraction""]","[""Abnormal Withdrawal/Release""]",,candidate_anomaly,pending,[],1746.1,[],unpaired,"[""https://hacked.slowmist.io/?c=Bridge"",""https://x.com/txEcosystem/status/2087269579190046895""]",
TXN-000769,"[""EVT-000162""]",XRP Ledger,B1CB50EF8651CD4C036B547972838A0826453B10B3A951CB1FB4F6D75F9EE433,,,,,"[""Asset Extraction""]","[""Abnormal Withdrawal/Release""]",,candidate_anomaly,pending,[],3249,[],unpaired,"[""https://hacked.slowmist.io/?c=Bridge"",""https://x.com/txEcosystem/status/2087269579190046895""]",
TXN-000770,"[""EVT-000162""]",XRP Ledger,B2BCB5DBFC31C696258A90230AD32C1969E0CFD377212C10F65A0DFD6A7377BD,,,,,"[""Asset Extraction""]","[""Abnormal Withdrawal/Release""]",,candidate_anomaly,pending,[],1693.8,[],unpaired,"[""https://hacked.slowmist.io/?c=Bridge"",""https://x.com/txEcosystem/status/2087269579190046895""]",
TXN-000771,"[""EVT-000162""]",XRP Ledger,B8949EE4A1344F608EDAC7E8F37ECCE4E22865A39D32EDF3D64B8F4A93B0B81D,,,,,"[""Asset Extraction""]","[""Abnormal Withdrawal/Release""]",,candidate_anomaly,pending,[],1693.8,[],unpaired,"[""https://hacked.slowmist.io/?c=Bridge"",""https://x.com/txEcosystem/status/2087269579190046895""]",
TXN-000772,"[""EVT-000162""]",XRP Ledger,BE28009D39A70ABB57C82CAEE834A59045474C7C393D42BB948FB9BDA98E560D,,,,,"[""Asset Extraction""]","[""Abnormal Withdrawal/Release""]",,candidate_anomaly,pending,[],1649.4,[],unpaired,"[""https://hacked.slowmist.io/?c=Bridge"",""https://x.com/txEcosystem/status/2087269579190046895""]",
TXN-000773,"[""EVT-000162""]",XRP Ledger,BE5E0407EE2992FC3969791DB54DEB8189F3ABE4842E47ACDACA1B6D90A6CF1D,,,,,"[""Asset Extraction""]","[""Abnormal Withdrawal/Release""]",,candidate_anomaly,pending,[],1694.1,[],unpaired,"[""https://hacked.slowmist.io/?c=Bridge"",""https://x.com/txEcosystem/status/2087269579190046895""]",
TXN-000774,"[""EVT-000162""]",XRP Ledger,C48CAAE21D1EA74624890D6DF03AD51DB646C00B5FEFC3E6D35CBADA640B0700,,,,,"[""Asset Extraction""]","[""Abnormal Withdrawal/Release""]",,candidate_anomaly,pending,[],1655.8,[],unpaired,"[""https://hacked.slowmist.io/?c=Bridge"",""https://x.com/txEcosystem/status/2087269579190046895""]",
TXN-000775,"[""EVT-000162""]",XRP Ledger,C69CCCCA81B22BA159777D7B3525E5994695C5F65C26814D269BA0ADD9C4B642,,,,,"[""Asset Extraction""]","[""Abnormal Withdrawal/Release""]",,candidate_anomaly,pending,[],1723.8,[],unpaired,"[""https://hacked.slowmist.io/?c=Bridge"",""https://x.com/txEcosystem/status/2087269579190046895""]",
TXN-000776,"[""EVT-000162""]",XRP Ledger,C8D4602FF3FE412490064DA60865FC626AAE7DBBB37A575221B8D99A072DDFDC,,,,,"[""Asset Extraction""]","[""Abnormal Withdrawal/Release""]",,candidate_anomaly,pending,[],1671.2,[],unpaired,"[""https://hacked.slowmist.io/?c=Bridge"",""https://x.com/txEcosystem/status/2087269579190046895""]",
TXN-000777,"[""EVT-000162""]",XRP Ledger,C905EE52D89F0DCA88535AD538232B8FD83E88342809C8BC92E38DE9DE4ABC8A,,,,,"[""Asset Extraction""]","[""Abnormal Withdrawal/Release""]",,candidate_anomaly,pending,[],1694,[],unpaired,"[""https://hacked.slowmist.io/?c=Bridge"",""https://x.com/txEcosystem/status/2087269579190046895""]",
TXN-000778,"[""EVT-000162""]",XRP Ledger,C933D75E8AA520AE48A532DEA98B1EA26D8529311B5ACFB1505257419A1C3298,,,,,"[""Asset Extraction""]","[""Abnormal Withdrawal/Release""]",,candidate_anomaly,pending,[],1693.9,[],unpaired,"[""https://hacked.slowmist.io/?c=Bridge"",""https://x.com/txEcosystem/status/2087269579190046895""]",
TXN-000779,"[""EVT-000162""]",XRP Ledger,C997D87E1B15C901626071D68672EEEE9129C8F20F4FCF751241E4507371AE75,,,,,"[""Asset Extraction""]","[""Abnormal Withdrawal/Release""]",,candidate_anomaly,pending,[],1693.8,[],unpaired,"[""https://hacked.slowmist.io/?c=Bridge"",""https://x.com/txEcosystem/status/2087269579190046895""]",
TXN-000780,"[""EVT-000162""]",XRP Ledger,CD308F78B8E3154F809C0DA46EE54BB9B00DAC14E81805A4F7317105B128020D,,,,,"[""Asset Extraction""]","[""Abnormal Withdrawal/Release""]",,candidate_anomaly,pending,[],520.3,[],unpaired,"[""https://hacked.slowmist.io/?c=Bridge"",""https://x.com/txEcosystem/status/2087269579190046895""]",
TXN-000781,"[""EVT-000162""]",XRP Ledger,CDB60E356C1CA5C4A35F9CE384ACBF017BF8B4526F97422FE1D2B8D4F7DFBEB1,,,,,"[""Asset Extraction""]","[""Abnormal Withdrawal/Release""]",,candidate_anomaly,pending,[],1649.6,[],unpaired,"[""https://hacked.slowmist.io/?c=Bridge"",""https://x.com/txEcosystem/status/2087269579190046895""]",
TXN-000782,"[""EVT-000162""]",XRP Ledger,CFB0CE57EE93FFAA5EE1193057277BD63A24FE935E057BD54FFEED97681B37D3,,,,,"[""Asset Extraction""]","[""Abnormal Withdrawal/Release""]",,candidate_anomaly,pending,[],1694.1,[],unpaired,"[""https://hacked.slowmist.io/?c=Bridge"",""https://x.com/txEcosystem/status/2087269579190046895""]",
TXN-000783,"[""EVT-000162""]",XRP Ledger,D32C0502714BF30906BAB7499D8199FFB715D9550C7F4E2DECB8AA2129D276F3,,,,,"[""Asset Extraction""]","[""Abnormal Withdrawal/Release""]",,candidate_anomaly,pending,[],1720.4,[],unpaired,"[""https://hacked.slowmist.io/?c=Bridge"",""https://x.com/txEcosystem/status/2087269579190046895""]",
TXN-000784,"[""EVT-000162""]",XRP Ledger,D4F6B36147D20BB40095ECB805448DB8C121B6889EDF956476CFD8ADFAB34AEB,,,,,"[""Asset Extraction""]","[""Abnormal Withdrawal/Release""]",,candidate_anomaly,pending,[],1715.8,[],unpaired,"[""https://hacked.slowmist.io/?c=Bridge"",""https://x.com/txEcosystem/status/2087269579190046895""]",
TXN-000785,"[""EVT-000162""]",XRP Ledger,D7D88FC86C20CC4079C3A846F43A50F4FA30E8256D808AC3B7E072348AFFC559,,,,,"[""Asset Extraction""]","[""Abnormal Withdrawal/Release""]",,candidate_anomaly,pending,[],1693.9,[],unpaired,"[""https://hacked.slowmist.io/?c=Bridge"",""https://x.com/txEcosystem/status/2087269579190046895""]",
TXN-000786,"[""EVT-000162""]",XRP Ledger,DB12F8995702D80D5F8FA367ED4B69C281512634EF2C0D18724ECE87B32DC90C,,,,,"[""Asset Extraction""]","[""Abnormal Withdrawal/Release""]",,candidate_anomaly,pending,[],1656.8,[],unpaired,"[""https://hacked.slowmist.io/?c=Bridge"",""https://x.com/txEcosystem/status/2087269579190046895""]",
TXN-000787,"[""EVT-000162""]",XRP Ledger,DF5B82CD7F359A0B78D75A5CE23449D96CC328AF766D8355D907253E92B3FFCA,,,,,"[""Asset Extraction""]","[""Abnormal Withdrawal/Release""]",,candidate_anomaly,pending,[],1652.4,[],unpaired,"[""https://hacked.slowmist.io/?c=Bridge"",""https://x.com/txEcosystem/status/2087269579190046895""]",
TXN-000788,"[""EVT-000162""]",XRP Ledger,E5700B365DC60C45632D41BC2553A13D981234879AC0C71B6E6E79CB4F6B6D73,,,,,"[""Asset Extraction""]","[""Abnormal Withdrawal/Release""]",,candidate_anomaly,pending,[],1693.8,[],unpaired,"[""https://hacked.slowmist.io/?c=Bridge"",""https://x.com/txEcosystem/status/2087269579190046895""]",
TXN-000789,"[""EVT-000162""]",XRP Ledger,E592CB940970E2623EDAD05636389308AA2276CA2859A564C1E0CAA04F9BA3E9,,,,,"[""Asset Extraction""]","[""Abnormal Withdrawal/Release""]",,candidate_anomaly,pending,[],1649.2,[],unpaired,"[""https://hacked.slowmist.io/?c=Bridge"",""https://x.com/txEcosystem/status/2087269579190046895""]",
TXN-000790,"[""EVT-000162""]",XRP Ledger,E8FEF00E7135E6DAF750C87572225A280589DB07752C77D04B1C70117662FE45,,,,,"[""Asset Extraction""]","[""Abnormal Withdrawal/Release""]",,candidate_anomaly,pending,[],1713.9,[],unpaired,"[""https://hacked.slowmist.io/?c=Bridge"",""https://x.com/txEcosystem/status/2087269579190046895""]",
TXN-000791,"[""EVT-000162""]",XRP Ledger,F1F8D1EB743D0AE0D89884A8B8C72C6FD9EB18449CE1278C5CF37FC2D56F7D0C,,,,,"[""Asset Extraction""]","[""Abnormal Withdrawal/Release""]",,candidate_anomaly,pending,[],1712.1,[],unpaired,"[""https://hacked.slowmist.io/?c=Bridge"",""https://x.com/txEcosystem/status/2087269579190046895""]",
TXN-000792,"[""EVT-000162""]",XRP Ledger,F481E6BE4EF2D0DE8B63562738EEF9AA2FDD9E80A6E218B98EC7F3256990DF15,,,,,"[""Asset Extraction""]","[""Abnormal Withdrawal/Release""]",,candidate_anomaly,pending,[],1651.4,[],unpaired,"[""https://hacked.slowmist.io/?c=Bridge"",""https://x.com/txEcosystem/status/2087269579190046895""]",
TXN-000793,"[""EVT-000162""]",XRP Ledger,F7C070A3E5552A24987186F4165B4D7D81F7923B028D8520BFC0E4EBB1E54707,,,,,"[""Asset Extraction""]","[""Abnormal Withdrawal/Release""]",,candidate_anomaly,pending,[],1693.9,[],unpaired,"[""https://hacked.slowmist.io/?c=Bridge"",""https://x.com/txEcosystem/status/2087269579190046895""]",
TXN-000794,"[""EVT-000162""]",XRP Ledger,FBD37CE3EE0596D4F3DB38616CFBA7C533171317EB303C8A00BD888DC6F9F257,,,,,"[""Asset Extraction""]","[""Abnormal Withdrawal/Release""]",,candidate_anomaly,pending,[],1693.9,[],unpaired,"[""https://hacked.slowmist.io/?c=Bridge"",""https://x.com/txEcosystem/status/2087269579190046895""]",
TXN-000795,"[""EVT-000162""]",XRP Ledger,FD74CDE01091001D4244A9BC92EB05248DB2878C6037EC9D8BFFD9E8492CD87E,,,,,"[""Asset Extraction""]","[""Abnormal Withdrawal/Release""]",,candidate_anomaly,pending,[],1659.2,[],unpaired,"[""https://hacked.slowmist.io/?c=Bridge"",""https://x.com/txEcosystem/status/2087269579190046895""]",
TXN-000796,"[""EVT-000162""]",XRP Ledger,FE66527187601F9B64F5A3E7EF2017EBB4211504909D29370BFFB1E537B7F49C,,,,,"[""Asset Extraction""]","[""Abnormal Withdrawal/Release""]",,candidate_anomaly,pending,[],1693.8,[],unpaired,"[""https://hacked.slowmist.io/?c=Bridge"",""https://x.com/txEcosystem/status/2087269579190046895""]",
TXN-000797,"[""EVT-000195""]",,0x14feea0bdd3d07eb6fe305938878c0cadbfa16904214e0afadad1d93704761c8,,,,,[],[],,excluded,pending,[],,[],unpaired,"[""https://www.certik.com/resources/blog/poly-network-incident-analysis""]",源记录保留，但链信息缺失或链与哈希无法形成可检查的真实交易身份，不能作为实际交易证据
TXN-000798,"[""EVT-000131""]",,0x19073f141ef29ea2eb2c52046e60942a928b2106651e622b73c68e27c969cfe6,,,,,[],[],,excluded,pending,[],,[],unpaired,"[""https://www.blockaid.io/blog/how-a-single-layerzero-dvn-compromise-drained-292m-from-kelpdao""]",源记录保留，但链信息缺失或链与哈希无法形成可检查的真实交易身份，不能作为实际交易证据
TXN-000799,"[""EVT-000199""]",,0x65a92b189e4ae0b8a8a02cd59c5e9f6832586bd5167d41a24eb4f4d2ac692755,,,,,[],[],,excluded,pending,[],,[],unpaired,"[""https://www.quillaudits.com/blog/hack-analysis/lifi-protocol-exploit""]",源记录保留，但链信息缺失或链与哈希无法形成可检查的真实交易身份，不能作为实际交易证据
TXN-000800,"[""EVT-000178""]",,0x80cc978479eb082e1e656993c63dee7a5d08a00dc2b2aab88bc0e465cfa0721a,,,,,[],[],,excluded,pending,[],,[],unpaired,"[""https://blocksec.com/blog/the-retrospection-of-the-poly-network-hack-from-a-security-researcher-perspective""]",源记录保留，但链信息缺失或链与哈希无法形成可检查的真实交易身份，不能作为实际交易证据
TXN-000801,"[""EVT-000042""]",,0xcca9299c739a1b538150af007a34aba516b6dade1965e80198be021e3166fe4c,,,,,[],[],,excluded,pending,[],,[],unpaired,"[""https://www.certik.com/blog/nomad-bridge-exploit-incident-analysis""]",源记录保留，但链信息缺失或链与哈希无法形成可检查的真实交易身份，不能作为实际交易证据
TXN-000802,"[""EVT-000178""]",,0xd8c1f7424593ddba11a0e072b61082bf3d931583cb75f7843fc2a8685d20033a,,,,,[],[],,excluded,pending,[],,[],unpaired,"[""https://blocksec.com/blog/the-retrospection-of-the-poly-network-hack-from-a-security-researcher-perspective""]",源记录保留，但链信息缺失或链与哈希无法形成可检查的真实交易身份，不能作为实际交易证据
TXN-000803,"[""EVT-000130""]",,0xeff151ef58d57d6523874a7b97344fcd1ce3c7c6880cfc26a93da17f82062d59,,,,,[],[],,excluded,pending,[],,[],unpaired,"[""https://hubsec.net/research/hyperbridge-investigation-2026-04-attacker-2""]",源记录保留，但链信息缺失或链与哈希无法形成可检查的真实交易身份，不能作为实际交易证据
